--테스트계정 5개
--TODO : 테스트용 이지만 비밀번호가 노출된 데이터 세팅. 개선하는 것이 좋을지 고민해봐야함. -> 시큐리티 적용하려면 어떻게 해야할지 조금 고민해봐야할 문제.
insert into user_account(user_id, user_password, nickname, email, memo, created_at, created_by, modified_at, modified_by) values ('admin1','{noop}asdasd1234','admin1','admin1@abc.com','I am your father', now(), 'admin1',now(),'admin1')
, ('admin2','{noop}asdasd1234','admin2','admin2@abc.com','I am your father', now(), 'admin2',now(),'admin2')
, ('admin3','{noop}asdasd1234','admin3','admin3@abc.com','I am your father', now(), 'admin3',now(),'admin3')
, ('admin4','{noop}asdasd1234','admin4','admin4@abc.com','I am your father', now(), 'admin4',now(),'admin4')
, ('admin5','{noop}asdasd1234','admin5','admin5@abc.com','I am your father', now(), 'admin5',now(),'admin5')
;

--123개 게시글
insert into article (user_id, title, content, created_by, modified_by, created_at, modified_at) values ('admin4', 'Morbi quis tortor id nulla ultrices aliquet.', 'Integer a nibh. #HoneyDew', 'Danie', 'Fritz', '2022-10-02 20:36:41', '2022-07-15 19:50:35')
, ('admin1', 'Praesent id massa id nisl venenatis lacinia.', 'Cras mi pede, malesuada in, imperdiet et, commodo vulputate, justo. #Teal', 'Merridie', 'Kamillah', '2022-09-25 17:45:22', '2022-11-01 11:39:46')
, ('admin1', 'Nunc purus.', 'Vestibulum ante ipsum primis in faucibus orci luctus et ultrices posuere cubilia Curae Nulla dapibus dolor vel est. #DodgerBlue', 'Clarita', 'Saw', '2023-03-28 06:42:19', '2023-03-12 12:00:41')
, ('admin5', 'Nulla ac enim.', 'Maecenas rhoncus aliquam lacus. #Teal', 'Eugen', 'Dodie', '2023-02-22 14:16:08', '2022-05-01 22:01:09')
, ('admin4', 'Praesent id massa id nisl venenatis lacinia.', 'Nam congue, risus semper porta volutpat, quam pede lobortis ligula, sit amet eleifend pede libero quis orci. #HoneyDew', 'Lind', 'Sasha', '2022-04-27 00:04:29', '2022-10-07 13:49:58')
, ('admin3', 'Morbi non lectus.', 'Phasellus in felis. #Orange', 'Doll', 'Padriac', '2022-06-21 23:02:29', '2022-07-23 11:56:07')
, ('admin1', 'In hac habitasse platea dictumst.', 'Aliquam sit amet diam in magna bibendum imperdiet. #Pearl', 'Gorden', 'Bunnie', '2022-08-03 17:06:15', '2022-12-11 11:29:23')
, ('admin5', 'Maecenas ut massa quis augue luctus tincidunt.', 'Vivamus vestibulum sagittis sapien. #LavenderBlush', 'Orella', 'Rayna', '2022-07-26 04:13:44', '2022-08-26 01:38:47')
, ('admin5', 'Nulla facilisi.', 'Morbi non lectus. #Emerald', 'Hymie', 'Stormie', '2022-11-27 04:05:46', '2022-04-12 23:34:10')
, ('admin2', 'Duis ac nibh.', 'Proin eu mi. #HoneyDew', 'Fraze', 'Ezechiel', '2023-01-23 13:02:44', '2023-03-14 06:43:18')
, ('admin4', 'In hac habitasse platea dictumst.', 'Proin at turpis a pede posuere nonummy. #Orange', 'Bennie', 'Cassandre', '2023-03-06 03:09:18', '2022-09-11 01:30:59')
, ('admin2', 'Vestibulum ac est lacinia nisi venenatis tristique.', 'Vestibulum sed magna at nunc commodo placerat. #DodgerBlue', 'Kalvin', 'Tony', '2023-03-04 17:18:10', '2022-08-29 07:41:05')
, ('admin1', 'Vestibulum ante ipsum primis in faucibus orci luctus et ultrices posuere cubilia Curae Duis faucibus accumsan odio.', 'Mauris lacinia sapien quis libero. #FireBrick', 'Gabriello', 'Wallis', '2022-08-29 22:22:19', '2022-10-14 17:39:24')
, ('admin2', 'In est risus, auctor sed, tristique in, tempus sit amet, sem.', 'Duis bibendum. #HoneyDew', 'Lucky', 'Dale', '2022-08-24 15:54:26', '2022-06-27 19:47:25')
, ('admin5', 'Cras in purus eu magna vulputate luctus.', 'Nulla nisl. #HoneyDew', 'Pyotr', 'Karalee', '2022-11-15 18:34:29', '2023-01-22 15:30:10')
, ('admin3', 'Integer non velit.', 'Curabitur at ipsum ac tellus semper interdum. #Indigo', 'Stace', 'Zorah', '2022-08-26 12:36:54', '2022-08-17 16:24:42')
, ('admin1', 'Nulla neque libero, convallis eget, eleifend luctus, ultricies eu, nibh.', 'Cras mi pede, malesuada in, imperdiet et, commodo vulputate, justo. #Teal', 'Cara', 'Christabel', '2022-10-29 21:33:55', '2022-06-27 01:42:18')
, ('admin3', 'Praesent blandit.', 'Proin risus. #FireBrick', 'Wat', 'Tiffanie', '2022-09-27 04:10:10', '2022-06-14 04:54:39')
, ('admin3', 'Quisque arcu libero, rutrum ac, lobortis vel, dapibus at, diam.', 'Proin risus. #Olive', 'Korry', 'Artus', '2022-09-02 09:51:54', '2022-08-22 20:16:44')
, ('admin1', 'Donec ut dolor.', 'Integer pede justo, lacinia eget, tincidunt eget, tempus vel, pede. #DodgerBlue', 'Jenny', 'Carlynn', '2022-12-11 10:39:19', '2022-09-03 14:35:45')
, ('admin3', 'In congue.', 'Suspendisse ornare consequat lectus.#LavenderBlush', 'Ailis', 'Orazio', '2022-09-06 11:43:55', '2022-06-06 19:16:03')
, ('admin1', 'Suspendisse potenti.', 'Morbi porttitor lorem id ligula. #DarkViolet', 'Quintina', 'Belicia', '2022-12-08 11:35:00', '2023-02-21 15:34:27')
, ('admin5', 'Nam tristique tortor eu pede.', 'Lorem ipsum dolor sit amet, consectetuer adipiscing elit. #FireBrick', 'Perkin', 'Eliza', '2022-07-12 06:44:11', '2022-08-09 16:22:37')
, ('admin5', 'Proin interdum mauris non ligula pellentesque ultrices.', 'Curabitur in libero ut massa volutpat convallis. #Orange', 'Giles', 'Juli', '2022-07-27 06:05:32', '2022-12-13 10:22:56')
, ('admin2', 'Lorem ipsum dolor sit amet, consectetuer adipiscing elit.', 'Quisque erat eros, viverra eget, congue eget, semper rutrum, nulla. #Saffron', 'Charmian', 'Bertie', '2022-09-14 03:12:58', '2022-09-27 00:34:29')
, ('admin3', 'Morbi vel lectus in quam fringilla rhoncus. #Indigo', 'Nulla tellus.', 'Allister', 'Cele', '2022-05-17 22:03:25', '2023-01-22 01:26:39')
, ('admin4', 'In eleifend quam a odio.', 'Integer a nibh. #HoneyDew', 'Eadith', 'Ellie', '2023-03-06 16:19:03', '2023-01-13 18:04:54')
, ('admin2', 'Morbi quis tortor id nulla ultrices aliquet.', 'Praesent blandit lacinia erat. #Magenta', 'Norrie', 'Kendrick', '2022-08-20 12:50:24', '2023-01-12 15:55:52')
, ('admin1', 'Vestibulum ante ipsum primis in faucibus orci luctus et ultrices posuere cubilia Curae Mauris viverra diam vitae quam.', 'Suspendisse accumsan tortor quis turpis. #DodgerBlue', 'Nike', 'Tedmund', '2022-04-18 08:53:37', '2022-11-11 07:57:36')
, ('admin2', 'Vivamus vestibulum sagittis sapien.', 'Nulla justo. #Marigold', 'Robbyn', 'Humphrey', '2022-07-12 12:48:56', '2023-02-16 15:21:38')
, ('admin1', 'Donec dapibus.', 'Nulla suscipit ligula in lacus. #Indigo', 'Sada', 'Reade', '2022-09-13 12:54:03', '2022-05-04 14:41:18')
, ('admin3', 'Fusce consequat.', 'Praesent lectus. #Saffron', 'Darb', 'Marie', '2023-03-22 23:55:19', '2023-02-11 01:05:18')
, ('admin3', 'Aliquam augue quam, sollicitudin vitae, consectetuer eget, rutrum at, lorem.', 'Praesent id massa id nisl venenatis lacinia. #DarkViolet', 'Margie', 'Duke', '2022-06-18 00:13:44', '2022-04-13 16:22:43')
, ('admin1', 'Etiam justo.', 'Duis ac nibh. #HoneyDew', 'Sybyl', 'Anthia', '2022-10-27 14:21:08', '2023-03-16 13:18:42')
, ('admin5', 'Integer ac leo.', 'Cras pellentesque volutpat dui. #Orange', 'Jeno', 'Glendon', '2022-12-02 22:58:25', '2022-05-29 15:46:38')
, ('admin4', 'Nam nulla.', 'Vivamus vestibulum sagittis sapien. #Orange', 'Ketty', 'Nicola', '2023-02-01 21:42:56', '2022-04-24 11:28:36')
, ('admin4', 'Ut at dolor quis odio consequat varius.', 'In hac habitasse platea dictumst. #Saffron', 'Rivkah', 'Kimbra', '2023-02-08 03:52:18', '2022-08-03 14:26:56')
, ('admin4', 'Phasellus id sapien in sapien iaculis congue.', 'Suspendisse accumsan tortor quis turpis. #Marigold', 'Adoree', 'Burnaby', '2022-09-28 09:57:24', '2022-07-01 01:08:42')
, ('admin1', 'Pellentesque at nulla.', 'Duis aliquam convallis nunc. #Teal', 'Stanton', 'Zuzana', '2022-12-28 13:41:54', '2022-08-23 23:21:39')
, ('admin1', 'Etiam vel augue.', 'Aenean sit amet justo. #Pearl', 'Kristal', 'Nollie', '2022-10-04 16:32:53', '2022-05-23 13:10:54')
, ('admin3', 'Morbi non lectus.', 'Integer pede justo, lacinia eget, tincidunt eget, tempus vel, pede. #Cobalt', 'Alexis', 'Corey', '2022-06-09 02:45:11', '2022-06-12 07:11:29')
, ('admin5', 'Mauris lacinia sapien quis libero.', 'Morbi quis tortor id nulla ultrices aliquet. #Emerald', 'Rafferty', 'Haywood', '2022-09-18 15:46:44', '2023-04-04 16:16:06')
, ('admin3', 'Nulla mollis molestie lorem.', 'Vestibulum rutrum rutrum neque. #Teal', 'Carolina', 'Ariana', '2022-06-22 16:56:45', '2022-05-25 15:24:24')
, ('admin2', 'Cras in purus eu magna vulputate luctus.', 'In sagittis dui vel nisl. #DodgerBlue', 'Shurlock', 'Miran', '2022-05-19 23:36:02', '2022-10-09 00:47:15')
, ('admin5', 'Morbi porttitor lorem id ligula.', 'Nam congue, risus semper porta volutpat, quam pede lobortis ligula, sit amet eleifend pede libero quis orci. #Emerald', 'Elwira', 'Bliss', '2022-10-11 15:21:53', '2023-01-14 07:26:41')
, ('admin1', 'Donec diam neque, vestibulum eget, vulputate ut, ultrices vel, augue.', 'Pellentesque at nulla. #Emerald', 'Cecilio', 'Austin', '2022-08-04 23:10:57', '2022-04-27 08:50:45')
, ('admin4', 'Aenean fermentum.', 'Proin risus. #Indigo', 'Daile', 'Alexandrina', '2023-03-02 14:12:05', '2023-01-09 06:12:15')
, ('admin2', 'Suspendisse potenti.', 'In tempor, turpis nec euismod scelerisque, quam turpis adipiscing lorem, vitae mattis nibh ligula nec sem. #Orange', 'Shana', 'Karla', '2022-04-23 23:02:07', '2023-03-28 23:34:44')
, ('admin5', 'Donec ut dolor.', 'Nulla mollis molestie lorem. #LavenderBlush', 'Joey', 'Reinaldo', '2023-03-16 21:08:19', '2022-06-10 17:54:45')
, ('admin1', 'Nunc rhoncus dui vel sem.', 'Morbi quis tortor id nulla ultrices aliquet. #Olive', 'Ethelyn', 'Mord', '2022-07-06 16:47:06', '2022-06-03 02:45:46')
, ('admin5', 'In est risus, auctor sed, tristique in, tempus sit amet, sem. #LavenderBlush', 'Sed sagittis.', 'Tildi', 'Myrta', '2022-10-13 03:57:27', '2022-12-25 05:07:49')
, ('admin4', 'Morbi odio odio, elementum eu, interdum eu, tincidunt in, leo.', 'Phasellus in felis. #HoneyDew', 'Hasty', 'Antonius', '2022-07-27 14:12:49', '2022-09-07 06:10:18')
, ('admin1', 'Integer pede justo, lacinia eget, tincidunt eget, tempus vel, pede.', 'Nam tristique tortor eu pede. #Cobalt', 'Lewie', 'Zorana', '2022-12-22 02:10:18', '2023-04-06 08:36:35')
, ('admin4', 'Proin risus.', 'Mauris enim leo, rhoncus sed, vestibulum sit amet, cursus id, turpis. #Saffron', 'Mellie', 'Tessi', '2022-07-09 15:53:54', '2022-06-13 20:23:57')
, ('admin4', 'Cras in purus eu magna vulputate luctus.', 'Vestibulum quam sapien, varius ut, blandit non, interdum in, ante. #Violet', 'Janaye', 'Fidelio', '2022-10-03 14:05:01', '2022-05-12 05:39:18')
, ('admin2', 'Vestibulum ante ipsum primis in faucibus orci luctus et ultrices posuere cubilia Curae Nulla dapibus dolor vel est.', 'In hac habitasse platea dictumst. #DodgerBlue', 'Larisa', 'Willie', '2022-08-31 00:16:09', '2022-07-10 06:48:12')
, ('admin4', 'Morbi non quam nec dui luctus rutrum.', 'Nunc purus. #Magenta', 'Alexine', 'Austin', '2022-10-30 13:13:41', '2022-09-13 11:54:30')
, ('admin5', 'Maecenas pulvinar lobortis est.', 'Morbi odio odio, elementum eu, interdum eu, tincidunt in, leo. #Orange', 'Chrissie', 'Modesta', '2022-05-18 20:57:09', '2022-12-04 17:11:01')
, ('admin1', 'Aliquam non mauris.', 'Integer ac leo. #Pearl', 'Vic', 'Natalie', '2022-06-11 00:03:16', '2022-08-29 16:48:56')
, ('admin4', 'Nulla neque libero, convallis eget, eleifend luctus, ultricies eu, nibh.', 'Mauris enim leo, rhoncus sed, vestibulum sit amet, cursus id, turpis. #Marigold', 'Gypsy', 'Betti', '2022-06-08 02:39:43', '2023-03-22 04:21:07')
, ('admin5', 'Duis mattis egestas metus.', 'In est risus, auctor sed, tristique in, tempus sit amet, sem. #Emerald', 'Renell', 'Rosanna', '2022-06-16 03:52:33', '2022-10-15 00:41:58')
, ('admin4', 'Aenean sit amet justo.', 'Curabitur convallis. #Olive', 'Doris', 'Rodrigo', '2023-01-17 04:12:28', '2022-06-09 13:32:56')
, ('admin5', 'Curabitur in libero ut massa volutpat convallis.', 'Aenean auctor gravida sem. #Violet', 'Jemmy', 'Doll', '2023-01-20 06:29:18', '2023-04-01 23:29:16')
, ('admin1', 'Vestibulum ante ipsum primis in faucibus orci luctus et ultrices posuere cubilia Curae Duis faucibus accumsan odio.', 'Suspendisse accumsan tortor quis turpis. #Emerald', 'Napoleon', 'Meade', '2022-11-04 02:30:56', '2023-03-03 23:09:28')
, ('admin4', 'Nullam porttitor lacus at turpis.', 'Nulla tempus. #Violet', 'Berti', 'Walsh', '2023-03-25 11:46:31', '2022-12-29 19:44:00')
, ('admin2', 'In sagittis dui vel nisl.', 'Nulla justo. #FireBrick', 'Shara', 'Guglielmo', '2022-07-12 15:09:32', '2022-05-25 11:32:43')
, ('admin2', 'Maecenas tincidunt lacus at velit.', 'Vivamus metus arcu, adipiscing molestie, hendrerit at, vulputate vitae, nisl. #Marigold', 'Issiah', 'Seamus', '2022-07-01 02:08:46', '2023-02-12 00:13:28')
, ('admin1', 'Curabitur at ipsum ac tellus semper interdum.', 'Ut at dolor quis odio consequat varius. #FireBrick', 'Gerry', 'Jarrod', '2022-12-26 13:00:51', '2022-08-23 10:32:06')
, ('admin1', 'Nulla ut erat id mauris vulputate elementum.', 'Integer a nibh. #DarkViolet', 'Dorthy', 'Ravid', '2022-09-21 03:25:53', '2022-07-21 01:08:59')
, ('admin2', 'Maecenas ut massa quis augue luctus tincidunt.', 'Lorem ipsum dolor sit amet, consectetuer adipiscing elit. #HoneyDew', 'Batsheva', 'Heall', '2023-04-04 01:32:11', '2022-06-12 04:50:19')
, ('admin5', 'Proin eu mi.', 'Fusce congue, diam id ornare imperdiet, sapien urna pretium nisl, ut volutpat sapien arcu sed augue. #DodgerBlue', 'Jarred', 'Romona', '2023-02-08 03:29:36', '2023-01-25 07:06:11')
, ('admin3', 'Phasellus id sapien in sapien iaculis congue.', 'Aliquam sit amet diam in magna bibendum imperdiet.#FireBrick', 'Bailie', 'Abbey', '2022-09-27 11:55:16', '2022-10-29 10:23:51')
, ('admin4', 'Suspendisse potenti.', 'Morbi odio odio, elementum eu, interdum eu, tincidunt in, leo. #FireBrick', 'Matty', 'Abrahan', '2022-05-05 11:56:24', '2022-11-06 15:33:51')
, ('admin3', 'Donec diam neque, vestibulum eget, vulputate ut, ultrices vel, augue.', 'Nullam molestie nibh in lectus. #Emerald', 'Pierre', 'Willi', '2022-10-19 22:21:31', '2023-04-02 19:21:54')
, ('admin4', 'In congue.', 'Suspendisse potenti. #Marigold', 'Maxine', 'Jaclin', '2023-03-18 16:19:37', '2022-12-29 14:36:20')
, ('admin1', 'Curabitur convallis.', 'Vestibulum rutrum rutrum neque. #FireBrick', 'Harli', 'Arnie', '2022-08-10 08:35:02', '2022-11-06 01:43:17')
, ('admin5', 'Fusce consequat.', 'Vestibulum ante ipsum primis in faucibus orci luctus et ultrices posuere cubilia Curae Mauris viverra diam vitae quam. #Emerald', 'Leelah', 'Marielle', '2022-06-05 04:20:33', '2022-11-20 11:12:43')
, ('admin4', 'In blandit ultrices enim.', 'In tempor, turpis nec euismod scelerisque, quam turpis adipiscing lorem, vitae mattis nibh ligula nec sem. #Plum', 'Sunny', 'Maurine', '2022-09-07 00:24:52', '2022-06-02 04:06:25')
, ('admin3', 'In blandit ultrices enim.', 'Quisque id justo sit amet sapien dignissim vestibulum. #Violet', 'Giffer', 'Catherine', '2022-08-07 05:28:59', '2022-10-26 16:49:12')
, ('admin4', 'Suspendisse accumsan tortor quis turpis.', 'Suspendisse potenti. #Magenta', 'Waverly', 'Lexis', '2022-05-13 00:09:04', '2022-07-10 23:14:20')
, ('admin2', 'Duis mattis egestas metus.', 'Vestibulum ante ipsum primis in faucibus orci luctus et ultrices posuere cubilia Curae Donec pharetra, magna vestibulum aliquet ultrices, erat tortor sollicitudin mi, sit amet lobortis sapien sapien non mi. #Pearl', 'Gennie', 'Rice', '2022-09-29 09:44:25', '2022-08-28 12:01:48')
, ('admin4', 'Quisque porta volutpat erat.', 'Mauris sit amet eros. #Violet', 'Sonja', 'Riannon', '2022-10-19 03:45:16', '2022-08-06 21:50:51')
, ('admin5', 'Etiam vel augue.', 'Suspendisse ornare consequat lectus. #Violet', 'Edan', 'Eugenio', '2023-03-01 09:09:15', '2022-04-19 19:01:44')
, ('admin1', 'Nam tristique tortor eu pede.', 'In est risus, auctor sed, tristique in, tempus sit amet, sem. #Pearl', 'Catrina', 'Buckie', '2022-11-27 02:45:26', '2022-05-09 10:02:55')
, ('admin1', 'Phasellus sit amet erat.', 'Duis consequat dui nec nisi volutpat eleifend. #Violet', 'Mercy', 'Hildegaard', '2023-02-05 00:54:59', '2022-04-27 20:44:41')
, ('admin2', 'Integer tincidunt ante vel ipsum.', 'Nullam molestie nibh in lectus. #LavenderBlush', 'Jane', 'Hildegarde', '2022-07-12 16:27:47', '2022-08-06 03:25:16')
, ('admin2', 'Quisque erat eros, viverra eget, congue eget, semper rutrum, nulla.', 'Nulla neque libero, convallis eget, eleifend luctus, ultricies eu, nibh. #Orange', 'Brantley', 'Humphrey', '2023-03-24 09:02:04', '2022-07-27 10:04:29')
, ('admin2', 'Morbi porttitor lorem id ligula.', 'Donec posuere metus vitae ipsum. #DodgerBlue', 'Morey', 'Jody', '2022-10-14 02:49:59', '2022-08-14 21:37:07')
, ('admin4', 'Integer tincidunt ante vel ipsum.', 'Morbi a ipsum. #HoneyDew', 'Byram', 'Veriee', '2022-10-16 01:32:26', '2022-06-14 04:35:05')
, ('admin1', 'Nam tristique tortor eu pede.', 'Duis aliquam convallis nunc. #Olive', 'Lidia', 'Tybi', '2023-03-10 20:13:57', '2022-09-25 03:15:22')
, ('admin1', 'Etiam justo.', 'Donec semper sapien a libero. #Orange', 'Bobbe', 'Kylen', '2022-04-11 22:27:26', '2023-03-22 14:52:56')
, ('admin1', 'Vivamus in felis eu sapien cursus vestibulum. #Cobalt', 'Cras non velit nec nisi vulputate nonummy.', 'Brad', 'Blondie', '2022-07-08 21:05:53', '2022-04-13 01:16:48')
, ('admin2', 'Aliquam sit amet diam in magna bibendum imperdiet. #FireBrick', 'In quis justo.', 'Sigvard', 'Thorndike', '2023-01-13 19:03:09', '2022-07-29 08:59:27')
, ('admin2', 'Duis bibendum, felis sed interdum venenatis, turpis enim blandit mi, in porttitor pede justo eu massa. #Saffron', 'Aenean lectus.', 'Valry', 'Hurley', '2022-11-16 12:56:29', '2023-03-09 23:12:14')
, ('admin1', 'Aenean auctor gravida sem.', 'Etiam faucibus cursus urna. #Violet', 'Kendall', 'Lu', '2022-11-25 11:02:21', '2023-03-24 21:36:37')
, ('admin1', 'Vivamus in felis eu sapien cursus vestibulum.', 'Integer ac leo. #Teal', 'Adler', 'Yalonda', '2022-09-23 02:21:17', '2022-06-22 22:53:54')
, ('admin5', 'Aenean fermentum.', 'Donec quis orci eget orci vehicula condimentum. #DarkViolet', 'Gregory', 'Kacey', '2022-08-06 06:57:40', '2022-07-12 07:34:31')
, ('admin2', 'Suspendisse potenti.', 'Morbi non quam nec dui luctus rutrum. #Emerald', 'Henry', 'Prinz', '2023-04-07 22:23:52', '2023-02-11 12:22:34')
, ('admin2', 'In hac habitasse platea dictumst.', 'Suspendisse potenti. #Violet', 'Bibbie', 'Leeland', '2022-12-25 09:42:42', '2023-02-16 09:33:00')
, ('admin4', 'Integer tincidunt ante vel ipsum.', 'Duis ac nibh. #FireBrick', 'Malachi', 'Creight', '2022-05-19 15:59:09', '2022-09-30 04:04:24')
, ('admin3', 'Nunc nisl.', 'Cras in purus eu magna vulputate luctus. #Magenta', 'Tamarra', 'Veradis', '2022-08-08 23:28:49', '2023-01-04 18:13:39')
, ('admin3', 'Vivamus vestibulum sagittis sapien.', 'Vestibulum ante ipsum primis in faucibus orci luctus et ultrices posuere cubilia Curae Duis faucibus accumsan odio. #Emerald', 'Ephrem', 'Henryetta', '2023-02-25 04:58:45', '2022-09-09 14:48:46')
, ('admin3', 'Nullam porttitor lacus at turpis.', 'Nullam varius. #Cobalt', 'Aurthur', 'Marve', '2022-11-27 15:31:25', '2022-06-07 22:42:06')
, ('admin2', 'Pellentesque at nulla.', 'Donec vitae nisi. #LemonChiffon', 'Kort', 'Cart', '2022-09-19 19:30:01', '2022-11-13 21:20:23')
, ('admin4', 'Praesent lectus.', 'Vestibulum ante ipsum primis in faucibus orci luctus et ultrices posuere cubilia Curae Nulla dapibus dolor vel est. #FireBrick', 'Giorgi', 'Arel', '2022-11-03 12:28:51', '2022-06-09 08:56:40')
, ('admin4', 'In congue.', 'Nullam orci pede, venenatis non, sodales sed, tincidunt eu, felis. #Indigo', 'Talia', 'Robinetta', '2022-10-13 19:36:41', '2023-03-16 13:21:51')
, ('admin2', 'In hac habitasse platea dictumst.', 'Aenean lectus. #Olive', 'Clerissa', 'Ebenezer', '2023-01-03 04:59:36', '2023-01-29 04:13:25')
, ('admin2', 'Nunc purus.', 'Vestibulum ac est lacinia nisi venenatis tristique. #DarkViolet', 'Duncan', 'Charlie', '2022-09-08 08:53:57', '2022-09-11 16:28:00')
, ('admin5', 'Phasellus id sapien in sapien iaculis congue.', 'Cras in purus eu magna vulputate luctus. #DarkViolet', 'Ivette', 'Lulita', '2022-07-21 18:46:25', '2022-12-22 12:25:50')
, ('admin4', 'Vivamus tortor.', 'Nullam varius. #Orange', 'Merrel', 'Anallise', '2022-10-16 21:53:02', '2022-12-09 07:10:10')
, ('admin2', 'Proin leo odio, porttitor id, consequat in, consequat ut, nulla.', 'In hac habitasse platea dictumst. #DodgerBlue', 'Genovera', 'Tammie', '2022-10-29 01:25:33', '2022-05-03 04:57:48')
, ('admin1', 'Maecenas pulvinar lobortis est.', 'Suspendisse potenti. #DodgerBlue', 'Dorena', 'Biddy', '2023-04-03 11:44:53', '2022-08-16 00:31:41')
, ('admin2', 'Nulla tempus.', 'Fusce lacus purus, aliquet at, feugiat non, pretium quis, lectus. #Orange', 'Padraig', 'Lyon', '2023-01-07 12:11:15', '2022-12-02 17:04:02')
, ('admin5', 'Duis aliquam convallis nunc.', 'Donec semper sapien a libero. #Indigo', 'Gare', 'Linn', '2022-07-15 18:41:07', '2022-05-18 17:00:50')
, ('admin1', 'Proin risus.', 'Donec dapibus. #Emerald', 'Corrinne', 'Jacky', '2023-01-11 05:06:03', '2022-07-08 11:35:57')
, ('admin2', 'In hac habitasse platea dictumst.', 'Morbi quis tortor id nulla ultrices aliquet. #Cobalt', 'Fayette', 'Nanine', '2023-04-08 20:18:24', '2022-11-12 21:12:44')
, ('admin5', 'Lorem ipsum dolor sit amet, consectetuer adipiscing elit.', 'Morbi porttitor lorem id ligula. #Magenta', 'Giraldo', 'Alexei', '2022-06-25 01:20:47', '2022-09-15 20:56:39')
, ('admin2', 'Aliquam sit amet diam in magna bibendum imperdiet.', 'Vestibulum rutrum rutrum neque. #Teal', 'Hanny', 'Cecelia', '2022-10-04 14:39:05', '2023-02-20 22:51:35')
, ('admin4', 'Vestibulum quam sapien, varius ut, blandit non, interdum in, ante.', 'Suspendisse potenti. #DarkViolet', 'Lindsay', 'Langston', '2022-07-19 04:08:54', '2022-08-22 04:35:00')
, ('admin3', 'Proin eu mi.', 'Vivamus vestibulum sagittis sapien. #Plum', 'Jackie', 'Jessie', '2022-11-13 08:59:19', '2022-04-10 15:13:44')
, ('admin3', 'Nulla facilisi.', 'Vestibulum ac est lacinia nisi venenatis tristique. #LavenderBlush', 'Glyn', 'Barbabas', '2023-02-18 08:37:05', '2022-11-25 14:50:11')
, ('admin1', 'Proin leo odio, porttitor id, consequat in, consequat ut, nulla.', 'Morbi vel lectus in quam fringilla rhoncus. #Teal', 'Evaleen', 'Trish', '2022-10-07 19:14:15', '2023-02-24 17:27:10')
, ('admin1', 'Nam tristique tortor eu pede.', 'Vestibulum ante ipsum primis in faucibus orci luctus et ultrices posuere cubilia Curae Nulla dapibus dolor vel est. #Crimson', 'Rory', 'Hadrian', '2022-09-04 08:17:40', '2022-07-25 11:38:23')
;

--1000개 댓글
insert into article_comment (article_id, user_id, parent_comment_id, content, created_by, modified_by, created_at, modified_at) values
(11, 'admin4', null, 'Phasellus in felis. Donec semper sapien a libero. Nam dui.', 'Leisha', 'Charles', '2023-04-07 07:37:50', '2022-12-07 16:49:40')
, (49, 'admin5', null, 'Curabitur gravida nisi at nibh. In hac habitasse platea dictumst. Aliquam augue quam, sollicitudin vitae, consectetuer eget, rutrum at, lorem.', 'Greg', 'Anne', '2023-04-06 00:49:52', '2022-06-19 05:55:31')
, (35, 'admin3', null, 'Fusce posuere felis sed lacus. Morbi sem mauris, laoreet ut, rhoncus aliquet, pulvinar sed, nisl. Nunc rhoncus dui vel sem.', 'Dynah', 'Hirsch', '2022-09-08 05:13:45', '2023-03-19 13:46:19')
, (1, 'admin1', null, 'Curabitur in libero ut massa volutpat convallis. Morbi odio odio, elementum eu, interdum eu, tincidunt in, leo. Maecenas pulvinar lobortis est.', 'Otho', 'Evan', '2023-01-27 21:02:34', '2022-04-11 06:58:28')
, (14, 'admin4', null, 'Curabitur gravida nisi at nibh. In hac habitasse platea dictumst. Aliquam augue quam, sollicitudin vitae, consectetuer eget, rutrum at, lorem.', 'Jacky', 'Linn', '2022-06-03 12:50:42', '2023-02-15 08:33:16')
, (12, 'admin4', null, 'Donec diam neque, vestibulum eget, vulputate ut, ultrices vel, augue. Vestibulum ante ipsum primis in faucibus orci luctus et ultrices posuere cubilia Curae Donec pharetra, magna vestibulum aliquet ultrices, erat tortor sollicitudin mi, sit amet lobortis sapien sapien non mi. Integer ac neque.', 'Bernard', 'Robinia', '2022-06-11 23:51:51', '2022-11-13 08:05:07')
, (85, 'admin1', null, 'In hac habitasse platea dictumst. Etiam faucibus cursus urna. Ut tellus.', 'Griffy', 'Corliss', '2023-04-09 20:29:28', '2022-12-11 00:50:33')
, (34, 'admin1', null, 'Integer ac leo. Pellentesque ultrices mattis odio. Donec vitae nisi.', 'Gunner', 'Shanna', '2022-09-07 01:05:06', '2022-10-28 06:17:33')
, (96, 'admin4', null, 'Vestibulum ac est lacinia nisi venenatis tristique. Fusce congue, diam id ornare imperdiet, sapien urna pretium nisl, ut volutpat sapien arcu sed augue. Aliquam erat volutpat.', 'Rhiamon', 'Eloise', '2022-05-30 12:48:14', '2023-01-28 14:31:11')
, (46, 'admin3', null, 'Proin eu mi. Nulla ac enim. In tempor, turpis nec euismod scelerisque, quam turpis adipiscing lorem, vitae mattis nibh ligula nec sem.', 'Avivah', 'Alphonse', '2023-03-23 21:34:22', '2023-01-17 10:39:06')
, (111, 'admin4', null, 'Aliquam quis turpis eget elit sodales scelerisque. Mauris sit amet eros. Suspendisse accumsan tortor quis turpis.', 'Rabi', 'Tomasina', '2022-09-30 21:34:28', '2023-02-16 10:16:07')
, (114, 'admin3', null, 'Phasellus in felis. Donec semper sapien a libero. Nam dui.', 'Cordula', 'Charissa', '2022-05-25 00:40:39', '2023-01-06 10:48:31')
, (83, 'admin4', null, 'Nullam sit amet turpis elementum ligula vehicula consequat. Morbi a ipsum. Integer a nibh.', 'Brigit', 'Sosanna', '2022-10-28 08:45:12', '2022-07-04 00:46:13')
, (65, 'admin1', null, 'Proin leo odio, porttitor id, consequat in, consequat ut, nulla. Sed accumsan felis. Ut at dolor quis odio consequat varius.', 'Junina', 'Mayor', '2022-05-30 14:12:10', '2023-03-25 05:27:40')
, (97, 'admin3', null, 'Curabitur in libero ut massa volutpat convallis. Morbi odio odio, elementum eu, interdum eu, tincidunt in, leo. Maecenas pulvinar lobortis est.', 'Paddy', 'Orlando', '2022-10-05 17:00:44', '2023-04-02 20:23:47')
, (71, 'admin3', null, 'Nulla ut erat id mauris vulputate elementum. Nullam varius. Nulla facilisi.', 'Zelig', 'Savina', '2023-01-12 18:05:58', '2023-02-21 20:19:02')
, (86, 'admin4', null, 'Lorem ipsum dolor sit amet, consectetuer adipiscing elit. Proin risus. Praesent lectus.', 'Chantal', 'Ammamaria', '2023-03-21 16:19:41', '2023-02-25 20:05:43')
, (51, 'admin5', null, 'Integer tincidunt ante vel ipsum. Praesent blandit lacinia erat. Vestibulum sed magna at nunc commodo placerat.', 'Austine', 'Paola', '2023-03-15 16:09:34', '2023-01-23 21:10:04')
, (94, 'admin4', null, 'Praesent id massa id nisl venenatis lacinia. Aenean sit amet justo. Morbi ut odio.', 'Debi', 'Ram', '2023-01-15 07:58:46', '2022-11-17 01:46:02')
, (73, 'admin1', null, 'In hac habitasse platea dictumst. Etiam faucibus cursus urna. Ut tellus.', 'Anthiathia', 'Anabelle', '2023-02-09 05:15:39', '2023-03-21 03:56:19')
, (80, 'admin5', null, 'Maecenas tristique, est et tempus semper, est quam pharetra magna, ac consequat metus sapien ut nunc. Vestibulum ante ipsum primis in faucibus orci luctus et ultrices posuere cubilia Curae Mauris viverra diam vitae quam. Suspendisse potenti.', 'Mayer', 'Cherilyn', '2022-05-10 01:32:59', '2022-11-20 16:09:08')
, (37, 'admin2', null, 'Aenean lectus. Pellentesque eget nunc. Donec quis orci eget orci vehicula condimentum.', 'Mildrid', 'Nicko', '2022-09-01 03:31:08', '2022-10-31 12:50:42')
, (66, 'admin3', null, 'Integer ac leo. Pellentesque ultrices mattis odio. Donec vitae nisi.', 'Terrijo', 'Danie', '2022-04-16 19:23:05', '2022-04-16 17:31:28')
, (1, 'admin4', null, 'Duis aliquam convallis nunc. Proin at turpis a pede posuere nonummy. Integer non velit.', 'Aldric', 'Rustie', '2022-11-23 07:42:16', '2022-10-23 08:14:05')
, (75, 'admin1', null, 'Maecenas tristique, est et tempus semper, est quam pharetra magna, ac consequat metus sapien ut nunc. Vestibulum ante ipsum primis in faucibus orci luctus et ultrices posuere cubilia Curae Mauris viverra diam vitae quam. Suspendisse potenti.', 'Arlette', 'Elnora', '2022-12-19 23:47:45', '2022-09-29 22:00:20')
, (41, 'admin4', null, 'Integer ac leo. Pellentesque ultrices mattis odio. Donec vitae nisi.', 'Justus', 'Elianore', '2023-01-08 14:58:21', '2022-11-09 08:22:01')
, (65, 'admin3', null, 'Vestibulum ac est lacinia nisi venenatis tristique. Fusce congue, diam id ornare imperdiet, sapien urna pretium nisl, ut volutpat sapien arcu sed augue. Aliquam erat volutpat.', 'Cathie', 'Tarah', '2022-05-11 10:04:54', '2022-07-04 18:43:56')
, (36, 'admin3', null, 'Sed sagittis. Nam congue, risus semper porta volutpat, quam pede lobortis ligula, sit amet eleifend pede libero quis orci. Nullam molestie nibh in lectus.', 'Frederic', 'Dewitt', '2023-02-10 10:23:50', '2022-12-19 10:26:17')
, (92, 'admin5', null, 'Fusce consequat. Nulla nisl. Nunc nisl.', 'Nobie', 'Berny', '2022-04-12 09:16:41', '2022-10-27 05:28:27')
, (21, 'admin4', null, 'Mauris enim leo, rhoncus sed, vestibulum sit amet, cursus id, turpis. Integer aliquet, massa id lobortis convallis, tortor risus dapibus augue, vel accumsan tellus nisi eu orci. Mauris lacinia sapien quis libero.', 'Tuckie', 'Wye', '2023-03-05 04:46:31', '2022-08-27 11:54:11')
, (109, 'admin5', null, 'Quisque id justo sit amet sapien dignissim vestibulum. Vestibulum ante ipsum primis in faucibus orci luctus et ultrices posuere cubilia Curae Nulla dapibus dolor vel est. Donec odio justo, sollicitudin ut, suscipit a, feugiat et, eros.', 'Amby', 'Coleen', '2022-07-30 02:35:10', '2022-07-30 12:18:02')
, (11, 'admin2', null, 'Praesent id massa id nisl venenatis lacinia. Aenean sit amet justo. Morbi ut odio.', 'Constancy', 'Serene', '2023-02-22 23:38:05', '2022-05-27 01:21:14')
, (23, 'admin1', null, 'Aenean fermentum. Donec ut mauris eget massa tempor convallis. Nulla neque libero, convallis eget, eleifend luctus, ultricies eu, nibh.', 'Juliane', 'Crystie', '2023-01-15 10:06:58', '2022-08-28 03:48:26')
, (88, 'admin5', null, 'Curabitur gravida nisi at nibh. In hac habitasse platea dictumst. Aliquam augue quam, sollicitudin vitae, consectetuer eget, rutrum at, lorem.', 'Brigida', 'Viole', '2023-01-01 06:38:00', '2022-05-11 01:20:27')
, (79, 'admin4', null, 'Donec diam neque, vestibulum eget, vulputate ut, ultrices vel, augue. Vestibulum ante ipsum primis in faucibus orci luctus et ultrices posuere cubilia Curae Donec pharetra, magna vestibulum aliquet ultrices, erat tortor sollicitudin mi, sit amet lobortis sapien sapien non mi. Integer ac neque.', 'Lois', 'Monroe', '2022-08-07 21:55:35', '2022-12-22 03:53:54')
, (22, 'admin4', null, 'Pellentesque at nulla. Suspendisse potenti. Cras in purus eu magna vulputate luctus.', 'Kylie', 'Alphonso', '2022-09-18 12:51:34', '2022-12-04 13:58:43')
, (27, 'admin4', null, 'In quis justo. Maecenas rhoncus aliquam lacus. Morbi quis tortor id nulla ultrices aliquet.', 'Berke', 'Sher', '2023-04-01 11:32:17', '2022-09-24 02:43:08')
, (53, 'admin3', null, 'Nullam porttitor lacus at turpis. Donec posuere metus vitae ipsum. Aliquam non mauris.', 'Nert', 'Bearnard', '2022-09-14 15:12:16', '2022-05-04 03:56:43')
, (61, 'admin3', null, 'Nulla ut erat id mauris vulputate elementum. Nullam varius. Nulla facilisi.', 'Kenyon', 'Helena', '2022-05-07 21:33:51', '2022-09-12 07:15:18')
, (103, 'admin5', null, 'In hac habitasse platea dictumst. Morbi vestibulum, velit id pretium iaculis, diam erat fermentum justo, nec condimentum neque sapien placerat ante. Nulla justo.', 'Gerhard', 'Nigel', '2022-06-20 20:44:33', '2022-06-22 02:02:05')
, (37, 'admin4', null, 'Maecenas leo odio, condimentum id, luctus nec, molestie sed, justo. Pellentesque viverra pede ac diam. Cras pellentesque volutpat dui.', 'Archer', 'Thorsten', '2022-08-24 02:32:06', '2022-05-21 05:28:52')
, (34, 'admin5', null, 'Quisque porta volutpat erat. Quisque erat eros, viverra eget, congue eget, semper rutrum, nulla. Nunc purus.', 'Ilene', 'Deeann', '2022-04-14 12:38:57', '2022-10-12 05:48:00')
, (97, 'admin3', null, 'Donec diam neque, vestibulum eget, vulputate ut, ultrices vel, augue. Vestibulum ante ipsum primis in faucibus orci luctus et ultrices posuere cubilia Curae Donec pharetra, magna vestibulum aliquet ultrices, erat tortor sollicitudin mi, sit amet lobortis sapien sapien non mi. Integer ac neque.', 'Jarrad', 'Syman', '2023-01-26 19:22:02', '2022-04-12 14:01:33')
, (21, 'admin4', null, 'Cum sociis natoque penatibus et magnis dis parturient montes, nascetur ridiculus mus. Vivamus vestibulum sagittis sapien. Cum sociis natoque penatibus et magnis dis parturient montes, nascetur ridiculus mus.', 'Toddie', 'Alis', '2022-07-16 09:14:25', '2022-09-16 16:22:08')
, (41, 'admin3', null, 'Morbi porttitor lorem id ligula. Suspendisse ornare consequat lectus. In est risus, auctor sed, tristique in, tempus sit amet, sem.', 'Stephie', 'Robert', '2023-02-11 18:15:57', '2022-09-01 18:46:10')
, (84, 'admin3', null, 'Sed sagittis. Nam congue, risus semper porta volutpat, quam pede lobortis ligula, sit amet eleifend pede libero quis orci. Nullam molestie nibh in lectus.', 'Lyssa', 'Lynn', '2022-05-21 04:50:30', '2022-08-14 02:46:58')
, (16, 'admin4', null, 'Proin leo odio, porttitor id, consequat in, consequat ut, nulla. Sed accumsan felis. Ut at dolor quis odio consequat varius.', 'Sibby', 'Page', '2022-10-13 12:02:07', '2022-04-29 04:28:47')
, (72, 'admin3', null, 'Etiam vel augue. Vestibulum rutrum rutrum neque. Aenean auctor gravida sem.', 'Darrick', 'Gustavo', '2023-03-29 15:34:31', '2023-01-24 04:40:54')
, (50, 'admin4', null, 'Praesent blandit. Nam nulla. Integer pede justo, lacinia eget, tincidunt eget, tempus vel, pede.', 'Stanfield', 'Flor', '2022-06-09 10:22:02', '2022-07-12 01:36:45')
, (121, 'admin5', null, 'Nam ultrices, libero non mattis pulvinar, nulla pede ullamcorper augue, a suscipit nulla elit ac nulla. Sed vel enim sit amet nunc viverra dapibus. Nulla suscipit ligula in lacus.', 'Port', 'Gladys', '2022-07-05 21:46:57', '2022-10-08 03:29:49')
, (123, 'admin3', null, 'Duis aliquam convallis nunc. Proin at turpis a pede posuere nonummy. Integer non velit.', 'Cybill', 'Natala', '2022-04-10 14:25:36', '2022-07-21 07:05:09')
, (95, 'admin5', null, 'Lorem ipsum dolor sit amet, consectetuer adipiscing elit. Proin risus. Praesent lectus.', 'Opalina', 'Juan', '2022-10-20 09:44:28', '2022-12-06 17:33:12')
, (7, 'admin2', null, 'In hac habitasse platea dictumst. Morbi vestibulum, velit id pretium iaculis, diam erat fermentum justo, nec condimentum neque sapien placerat ante. Nulla justo.', 'Sherwynd', 'Starr', '2023-01-08 07:25:32', '2022-05-24 11:35:40')
, (53, 'admin2', null, 'In hac habitasse platea dictumst. Morbi vestibulum, velit id pretium iaculis, diam erat fermentum justo, nec condimentum neque sapien placerat ante. Nulla justo.', 'Quintana', 'Hana', '2023-01-24 12:32:22', '2023-03-21 01:45:38')
, (36, 'admin3', null, 'Sed sagittis. Nam congue, risus semper porta volutpat, quam pede lobortis ligula, sit amet eleifend pede libero quis orci. Nullam molestie nibh in lectus.', 'Lucina', 'Reagan', '2023-03-21 11:57:49', '2022-09-18 14:42:15')
, (29, 'admin4', null, 'Morbi porttitor lorem id ligula. Suspendisse ornare consequat lectus. In est risus, auctor sed, tristique in, tempus sit amet, sem.', 'Prent', 'Isabel', '2022-07-16 22:20:22', '2022-04-11 02:56:53')
, (86, 'admin3', null, 'Duis consequat dui nec nisi volutpat eleifend. Donec ut dolor. Morbi vel lectus in quam fringilla rhoncus.', 'Janenna', 'Koenraad', '2022-06-17 23:00:42', '2022-06-17 13:04:49')
, (6, 'admin3', null, 'Morbi non lectus. Aliquam sit amet diam in magna bibendum imperdiet. Nullam orci pede, venenatis non, sodales sed, tincidunt eu, felis.', 'Vidovic', 'Gerta', '2022-09-13 13:58:21', '2022-05-04 05:38:42')
, (62, 'admin4', null, 'Morbi porttitor lorem id ligula. Suspendisse ornare consequat lectus. In est risus, auctor sed, tristique in, tempus sit amet, sem.', 'Jillian', 'Steffen', '2022-06-13 07:18:07', '2022-10-28 10:21:34')
, (87, 'admin1', null, 'Duis aliquam convallis nunc. Proin at turpis a pede posuere nonummy. Integer non velit.', 'Edsel', 'Twila', '2022-08-24 22:31:44', '2022-09-14 01:19:59')
, (82, 'admin4', null, 'Etiam vel augue. Vestibulum rutrum rutrum neque. Aenean auctor gravida sem.', 'Lucille', 'Valenka', '2022-12-30 23:22:54', '2023-03-14 01:42:12')
, (120, 'admin5', null, 'Sed sagittis. Nam congue, risus semper porta volutpat, quam pede lobortis ligula, sit amet eleifend pede libero quis orci. Nullam molestie nibh in lectus.', 'Nanine', 'Dominick', '2022-09-14 00:20:32', '2023-03-21 13:08:47')
, (56, 'admin5', null, 'Morbi porttitor lorem id ligula. Suspendisse ornare consequat lectus. In est risus, auctor sed, tristique in, tempus sit amet, sem.', 'Horace', 'Chan', '2022-07-11 03:55:56', '2022-05-27 20:51:59')
, (17, 'admin2', null, 'Proin interdum mauris non ligula pellentesque ultrices. Phasellus id sapien in sapien iaculis congue. Vivamus metus arcu, adipiscing molestie, hendrerit at, vulputate vitae, nisl.', 'Yul', 'Ronni', '2023-03-20 14:17:23', '2023-03-08 15:48:52')
, (80, 'admin1', null, 'Cum sociis natoque penatibus et magnis dis parturient montes, nascetur ridiculus mus. Vivamus vestibulum sagittis sapien. Cum sociis natoque penatibus et magnis dis parturient montes, nascetur ridiculus mus.', 'Bard', 'Evangelina', '2022-10-21 15:39:36', '2022-11-02 09:17:24')
, (101, 'admin2', null, 'Cras non velit nec nisi vulputate nonummy. Maecenas tincidunt lacus at velit. Vivamus vel nulla eget eros elementum pellentesque.', 'Wash', 'Gar', '2022-05-16 06:05:32', '2022-09-04 18:03:12')
, (34, 'admin2', null, 'Aliquam quis turpis eget elit sodales scelerisque. Mauris sit amet eros. Suspendisse accumsan tortor quis turpis.', 'Eimile', 'Larissa', '2022-10-07 10:47:40', '2022-06-19 07:20:52')
, (6, 'admin1', null, 'Cras mi pede, malesuada in, imperdiet et, commodo vulputate, justo. In blandit ultrices enim. Lorem ipsum dolor sit amet, consectetuer adipiscing elit.', 'Nydia', 'Natassia', '2022-07-26 14:25:08', '2022-05-28 23:39:34')
, (66, 'admin2', null, 'Duis bibendum. Morbi non quam nec dui luctus rutrum. Nulla tellus.', 'Carmella', 'Conn', '2023-01-11 13:45:48', '2022-12-22 07:05:59')
, (1, 'admin3', null, 'Curabitur in libero ut massa volutpat convallis. Morbi odio odio, elementum eu, interdum eu, tincidunt in, leo. Maecenas pulvinar lobortis est.', 'Jorgan', 'Wynn', '2023-02-10 22:41:42', '2022-09-25 11:50:09')
, (15, 'admin4', null, 'In hac habitasse platea dictumst. Etiam faucibus cursus urna. Ut tellus.', 'Torrin', 'Paulie', '2022-05-29 04:52:59', '2022-11-01 12:51:40')
, (67, 'admin4', null, 'Cras non velit nec nisi vulputate nonummy. Maecenas tincidunt lacus at velit. Vivamus vel nulla eget eros elementum pellentesque.', 'Eamon', 'Tera', '2022-06-06 08:20:21', '2023-02-09 10:28:02')
, (9, 'admin2', null, 'Aliquam quis turpis eget elit sodales scelerisque. Mauris sit amet eros. Suspendisse accumsan tortor quis turpis.', 'Greggory', 'Herrick', '2022-09-29 02:35:20', '2022-07-15 06:12:34')
, (51, 'admin3', null, 'Quisque porta volutpat erat. Quisque erat eros, viverra eget, congue eget, semper rutrum, nulla. Nunc purus.', 'Osmond', 'Rosabel', '2022-12-25 19:56:27', '2023-02-22 20:37:46')
, (117, 'admin4', null, 'Suspendisse potenti. In eleifend quam a odio. In hac habitasse platea dictumst.', 'Montague', 'Josefina', '2022-10-12 20:33:24', '2023-03-11 00:14:31')
, (1, 'admin5', null, 'Curabitur at ipsum ac tellus semper interdum. Mauris ullamcorper purus sit amet nulla. Quisque arcu libero, rutrum ac, lobortis vel, dapibus at, diam.', 'Roseanna', 'Janene', '2022-08-23 09:11:16', '2022-08-08 05:38:20')
, (11, 'admin2', null, 'Fusce consequat. Nulla nisl. Nunc nisl.', 'Somerset', 'Daren', '2022-11-14 11:06:31', '2022-04-29 11:59:39')
, (33, 'admin3', null, 'In sagittis dui vel nisl. Duis ac nibh. Fusce lacus purus, aliquet at, feugiat non, pretium quis, lectus.', 'Dot', 'Harvey', '2023-01-10 10:49:09', '2022-04-24 22:46:59')
, (46, 'admin3', null, 'Nam ultrices, libero non mattis pulvinar, nulla pede ullamcorper augue, a suscipit nulla elit ac nulla. Sed vel enim sit amet nunc viverra dapibus. Nulla suscipit ligula in lacus.', 'Hal', 'Horace', '2022-07-16 01:43:47', '2022-04-30 06:05:04')
, (105, 'admin2', null, 'Duis bibendum. Morbi non quam nec dui luctus rutrum. Nulla tellus.', 'Lionello', 'Lars', '2022-12-25 16:36:37', '2022-05-28 17:34:19')
, (3, 'admin2', null, 'Etiam vel augue. Vestibulum rutrum rutrum neque. Aenean auctor gravida sem.', 'Hastings', 'Nonah', '2022-12-07 04:30:45', '2022-04-26 15:43:31')
, (48, 'admin5', null, 'In congue. Etiam justo. Etiam pretium iaculis justo.', 'Melicent', 'Dicky', '2022-06-13 10:05:06', '2022-09-18 00:04:03')
, (18, 'admin5', null, 'In hac habitasse platea dictumst. Etiam faucibus cursus urna. Ut tellus.', 'Clair', 'Caryl', '2023-02-16 12:37:03', '2022-12-08 02:48:49')
, (59, 'admin2', null, 'In sagittis dui vel nisl. Duis ac nibh. Fusce lacus purus, aliquet at, feugiat non, pretium quis, lectus.', 'Katinka', 'Dani', '2022-06-08 10:55:59', '2022-05-07 15:09:51')
, (19, 'admin2', null, 'Praesent blandit. Nam nulla. Integer pede justo, lacinia eget, tincidunt eget, tempus vel, pede.', 'Carmelina', 'Sean', '2023-01-24 16:44:40', '2022-10-22 13:31:20')
, (4, 'admin1', null, 'Duis bibendum. Morbi non quam nec dui luctus rutrum. Nulla tellus.', 'Jodee', 'Pattie', '2022-08-26 19:43:40', '2022-08-30 20:42:02')
, (119, 'admin3', null, 'Proin eu mi. Nulla ac enim. In tempor, turpis nec euismod scelerisque, quam turpis adipiscing lorem, vitae mattis nibh ligula nec sem.', 'Elmer', 'Timothea', '2023-04-09 18:58:28', '2022-05-27 17:41:40')
, (78, 'admin1', null, 'Maecenas leo odio, condimentum id, luctus nec, molestie sed, justo. Pellentesque viverra pede ac diam. Cras pellentesque volutpat dui.', 'Emmit', 'Bail', '2022-08-23 13:19:45', '2022-11-21 01:17:13')
, (62, 'admin1', null, 'Sed ante. Vivamus tortor. Duis mattis egestas metus.', 'Lemmie', 'Barnabas', '2023-02-19 18:04:25', '2022-11-16 12:21:17')
, (63, 'admin4', null, 'Maecenas leo odio, condimentum id, luctus nec, molestie sed, justo. Pellentesque viverra pede ac diam. Cras pellentesque volutpat dui.', 'Heinrick', 'Adel', '2023-02-07 12:19:38', '2022-09-17 06:07:58')
, (123, 'admin4', null, 'Mauris enim leo, rhoncus sed, vestibulum sit amet, cursus id, turpis. Integer aliquet, massa id lobortis convallis, tortor risus dapibus augue, vel accumsan tellus nisi eu orci. Mauris lacinia sapien quis libero.', 'Alejandro', 'Mariette', '2023-01-11 06:17:09', '2023-03-14 16:47:32')
, (33, 'admin5', null, 'Lorem ipsum dolor sit amet, consectetuer adipiscing elit. Proin risus. Praesent lectus.', 'Natassia', 'Curr', '2022-07-25 08:15:21', '2022-11-30 23:38:32')
, (72, 'admin2', null, 'Nullam porttitor lacus at turpis. Donec posuere metus vitae ipsum. Aliquam non mauris.', 'Bathsheba', 'Daven', '2022-06-23 14:58:10', '2022-12-10 13:01:09')
, (101, 'admin1', null, 'Integer tincidunt ante vel ipsum. Praesent blandit lacinia erat. Vestibulum sed magna at nunc commodo placerat.', 'Stanfield', 'Moritz', '2023-01-26 07:55:33', '2022-07-06 13:38:24')
, (67, 'admin1', null, 'Integer tincidunt ante vel ipsum. Praesent blandit lacinia erat. Vestibulum sed magna at nunc commodo placerat.', 'Itch', 'Hagen', '2022-08-12 05:11:29', '2022-12-17 06:23:38')
, (72, 'admin2', null, 'In hac habitasse platea dictumst. Etiam faucibus cursus urna. Ut tellus.', 'Audry', 'Cecilia', '2022-09-08 01:36:25', '2022-08-11 09:50:17')
, (83, 'admin4', null, 'Fusce consequat. Nulla nisl. Nunc nisl.', 'Adora', 'Paula', '2023-02-18 04:43:26', '2023-02-26 18:01:12')
, (4, 'admin3', null, 'Cras non velit nec nisi vulputate nonummy. Maecenas tincidunt lacus at velit. Vivamus vel nulla eget eros elementum pellentesque.', 'Penny', 'Gavra', '2023-02-22 02:45:15', '2022-09-04 01:24:28')
, (54, 'admin5', null, 'Integer tincidunt ante vel ipsum. Praesent blandit lacinia erat. Vestibulum sed magna at nunc commodo placerat.', 'Cirillo', 'Amalie', '2022-08-31 17:47:00', '2023-01-03 21:14:21')
, (90, 'admin5', null, 'Integer ac leo. Pellentesque ultrices mattis odio. Donec vitae nisi.', 'Yoshi', 'Susann', '2023-04-02 02:14:32', '2023-03-17 09:54:34')
, (78, 'admin5', null, 'Phasellus sit amet erat. Nulla tempus. Vivamus in felis eu sapien cursus vestibulum.', 'Gretel', 'Pernell', '2022-05-14 18:29:15', '2022-04-27 23:32:36')
, (108, 'admin3', null, 'Duis consequat dui nec nisi volutpat eleifend. Donec ut dolor. Morbi vel lectus in quam fringilla rhoncus.', 'Fair', 'Laure', '2022-07-02 12:36:54', '2022-09-23 05:28:36')
, (64, 'admin5', null, 'Cum sociis natoque penatibus et magnis dis parturient montes, nascetur ridiculus mus. Vivamus vestibulum sagittis sapien. Cum sociis natoque penatibus et magnis dis parturient montes, nascetur ridiculus mus.', 'Glenn', 'Addison', '2022-10-07 22:10:19', '2023-03-19 17:51:14')
, (1, 'admin2', null, 'Cras mi pede, malesuada in, imperdiet et, commodo vulputate, justo. In blandit ultrices enim. Lorem ipsum dolor sit amet, consectetuer adipiscing elit.', 'Winna', 'Honey', '2022-07-09 07:03:15', '2023-03-30 08:38:46')
, (84, 'admin2', null, 'Maecenas ut massa quis augue luctus tincidunt. Nulla mollis molestie lorem. Quisque ut erat.', 'Duke', 'Jamie', '2022-09-10 06:36:44', '2022-07-07 15:25:42')
, (101, 'admin4', null, 'Nullam sit amet turpis elementum ligula vehicula consequat. Morbi a ipsum. Integer a nibh.', 'Sarene', 'Delcina', '2022-11-22 19:34:07', '2022-05-16 08:06:52')
, (106, 'admin1', null, 'Mauris enim leo, rhoncus sed, vestibulum sit amet, cursus id, turpis. Integer aliquet, massa id lobortis convallis, tortor risus dapibus augue, vel accumsan tellus nisi eu orci. Mauris lacinia sapien quis libero.', 'Sergei', 'Norean', '2022-04-14 19:46:36', '2022-06-08 07:45:50')
, (115, 'admin1', null, 'In hac habitasse platea dictumst. Etiam faucibus cursus urna. Ut tellus.', 'Chaim', 'Alis', '2022-07-22 16:47:58', '2023-01-31 19:14:38')
, (80, 'admin5', null, 'Curabitur at ipsum ac tellus semper interdum. Mauris ullamcorper purus sit amet nulla. Quisque arcu libero, rutrum ac, lobortis vel, dapibus at, diam.', 'Dolf', 'Lelia', '2022-11-11 00:40:50', '2023-02-08 21:21:03')
, (83, 'admin3', null, 'Cras mi pede, malesuada in, imperdiet et, commodo vulputate, justo. In blandit ultrices enim. Lorem ipsum dolor sit amet, consectetuer adipiscing elit.', 'Berny', 'Frasier', '2023-03-08 23:33:54', '2022-09-11 20:25:36')
, (83, 'admin3', null, 'Cras mi pede, malesuada in, imperdiet et, commodo vulputate, justo. In blandit ultrices enim. Lorem ipsum dolor sit amet, consectetuer adipiscing elit.', 'Noel', 'Malvina', '2022-12-25 18:55:28', '2022-06-01 06:54:47')
, (121, 'admin5', null, 'Quisque id justo sit amet sapien dignissim vestibulum. Vestibulum ante ipsum primis in faucibus orci luctus et ultrices posuere cubilia Curae Nulla dapibus dolor vel est. Donec odio justo, sollicitudin ut, suscipit a, feugiat et, eros.', 'Juliette', 'Camila', '2022-12-19 21:05:53', '2022-08-12 11:20:51')
, (14, 'admin5', null, 'Pellentesque at nulla. Suspendisse potenti. Cras in purus eu magna vulputate luctus.', 'Cyndi', 'Susi', '2022-07-30 19:42:00', '2023-02-20 11:17:38')
, (27, 'admin5', null, 'Lorem ipsum dolor sit amet, consectetuer adipiscing elit. Proin risus. Praesent lectus.', 'Cornela', 'Adelaide', '2023-02-23 19:36:34', '2022-12-22 09:37:07')
, (35, 'admin3', null, 'Proin leo odio, porttitor id, consequat in, consequat ut, nulla. Sed accumsan felis. Ut at dolor quis odio consequat varius.', 'Maddie', 'Harry', '2023-01-22 13:08:46', '2022-08-23 14:15:57')
, (51, 'admin3', null, 'Quisque porta volutpat erat. Quisque erat eros, viverra eget, congue eget, semper rutrum, nulla. Nunc purus.', 'Lonnie', 'Fabe', '2022-12-17 12:44:07', '2022-09-12 04:02:45')
, (60, 'admin3', null, 'Nullam porttitor lacus at turpis. Donec posuere metus vitae ipsum. Aliquam non mauris.', 'Diego', 'Rudie', '2023-01-23 19:37:33', '2023-01-25 03:03:02')
, (121, 'admin2', null, 'Curabitur in libero ut massa volutpat convallis. Morbi odio odio, elementum eu, interdum eu, tincidunt in, leo. Maecenas pulvinar lobortis est.', 'Edwin', 'Arch', '2023-03-13 18:39:07', '2022-09-01 20:18:31')
, (116, 'admin5', null, 'Pellentesque at nulla. Suspendisse potenti. Cras in purus eu magna vulputate luctus.', 'Aurlie', 'Ray', '2022-06-21 12:45:12', '2022-04-12 08:51:31')
, (60, 'admin2', null, 'Curabitur in libero ut massa volutpat convallis. Morbi odio odio, elementum eu, interdum eu, tincidunt in, leo. Maecenas pulvinar lobortis est.', 'Cynthia', 'Darrell', '2022-12-25 22:57:00', '2022-10-30 12:41:56')
, (92, 'admin5', null, 'Nam ultrices, libero non mattis pulvinar, nulla pede ullamcorper augue, a suscipit nulla elit ac nulla. Sed vel enim sit amet nunc viverra dapibus. Nulla suscipit ligula in lacus.', 'Myron', 'Dorisa', '2022-12-13 13:50:54', '2022-10-19 17:18:25')
, (92, 'admin5', null, 'Integer ac leo. Pellentesque ultrices mattis odio. Donec vitae nisi.', 'Barbee', 'Zandra', '2022-05-17 02:29:42', '2022-08-06 07:07:21')
, (54, 'admin3', null, 'Maecenas ut massa quis augue luctus tincidunt. Nulla mollis molestie lorem. Quisque ut erat.', 'Ines', 'Mari', '2023-04-07 09:20:33', '2022-09-10 16:07:06')
, (33, 'admin3', null, 'Pellentesque at nulla. Suspendisse potenti. Cras in purus eu magna vulputate luctus.', 'Caritta', 'Georgy', '2022-11-28 23:59:27', '2022-08-31 00:53:10')
, (37, 'admin2', null, 'Sed sagittis. Nam congue, risus semper porta volutpat, quam pede lobortis ligula, sit amet eleifend pede libero quis orci. Nullam molestie nibh in lectus.', 'Chrisy', 'Debra', '2022-12-18 12:21:46', '2022-09-22 11:07:58')
, (44, 'admin5', null, 'Quisque id justo sit amet sapien dignissim vestibulum. Vestibulum ante ipsum primis in faucibus orci luctus et ultrices posuere cubilia Curae Nulla dapibus dolor vel est. Donec odio justo, sollicitudin ut, suscipit a, feugiat et, eros.', 'Nadeen', 'Ceil', '2022-06-15 04:49:54', '2022-09-09 19:18:55')
, (89, 'admin5', null, 'Integer ac leo. Pellentesque ultrices mattis odio. Donec vitae nisi.', 'Feliza', 'Josy', '2022-11-28 01:11:34', '2022-05-23 08:34:04')
, (77, 'admin2', null, 'Mauris enim leo, rhoncus sed, vestibulum sit amet, cursus id, turpis. Integer aliquet, massa id lobortis convallis, tortor risus dapibus augue, vel accumsan tellus nisi eu orci. Mauris lacinia sapien quis libero.', 'Welbie', 'Alisander', '2022-12-24 00:21:58', '2023-04-06 19:06:37')
, (108, 'admin5', null, 'In congue. Etiam justo. Etiam pretium iaculis justo.', 'Deloria', 'Spense', '2022-09-15 22:41:51', '2022-12-15 01:30:36')
, (87, 'admin1', null, 'Phasellus in felis. Donec semper sapien a libero. Nam dui.', 'Kipper', 'Jude', '2022-10-09 06:29:35', '2023-01-06 19:47:43')
, (99, 'admin2', null, 'Quisque porta volutpat erat. Quisque erat eros, viverra eget, congue eget, semper rutrum, nulla. Nunc purus.', 'Quint', 'Elna', '2022-10-13 02:14:32', '2023-03-02 12:50:22')
, (7, 'admin1', null, 'Vestibulum quam sapien, varius ut, blandit non, interdum in, ante. Vestibulum ante ipsum primis in faucibus orci luctus et ultrices posuere cubilia Curae Duis faucibus accumsan odio. Curabitur convallis.', 'Nettie', 'Carolin', '2022-12-26 07:37:41', '2022-07-19 10:23:51')
, (103, 'admin5', null, 'Duis bibendum, felis sed interdum venenatis, turpis enim blandit mi, in porttitor pede justo eu massa. Donec dapibus. Duis at velit eu est congue elementum.', 'Mignonne', 'Catarina', '2022-08-08 01:04:57', '2022-12-11 00:07:31')
, (25, 'admin4', null, 'Pellentesque at nulla. Suspendisse potenti. Cras in purus eu magna vulputate luctus.', 'Richart', 'Gipsy', '2022-07-16 04:08:56', '2022-05-28 13:08:54')
, (107, 'admin5', null, 'Vestibulum quam sapien, varius ut, blandit non, interdum in, ante. Vestibulum ante ipsum primis in faucibus orci luctus et ultrices posuere cubilia Curae Duis faucibus accumsan odio. Curabitur convallis.', 'Steffi', 'Guthrey', '2022-06-18 05:55:52', '2023-01-18 15:22:49')
, (92, 'admin3', null, 'Praesent id massa id nisl venenatis lacinia. Aenean sit amet justo. Morbi ut odio.', 'Anjela', 'Chrisy', '2022-10-14 03:35:45', '2023-03-23 13:20:18')
, (36, 'admin4', null, 'Aliquam quis turpis eget elit sodales scelerisque. Mauris sit amet eros. Suspendisse accumsan tortor quis turpis.', 'Bartolomeo', 'Justino', '2023-03-01 00:59:44', '2022-09-05 14:08:38')
, (96, 'admin2', null, 'Aenean lectus. Pellentesque eget nunc. Donec quis orci eget orci vehicula condimentum.', 'Maximilianus', 'Fleur', '2022-05-22 01:53:35', '2022-09-27 04:07:01')
, (86, 'admin4', null, 'Nam ultrices, libero non mattis pulvinar, nulla pede ullamcorper augue, a suscipit nulla elit ac nulla. Sed vel enim sit amet nunc viverra dapibus. Nulla suscipit ligula in lacus.', 'Shae', 'Sabra', '2022-04-17 09:00:25', '2022-12-18 05:14:01')
, (94, 'admin2', null, 'Integer ac leo. Pellentesque ultrices mattis odio. Donec vitae nisi.', 'Gard', 'Blake', '2022-07-22 18:55:38', '2022-07-03 01:50:05')
, (116, 'admin4', null, 'Proin leo odio, porttitor id, consequat in, consequat ut, nulla. Sed accumsan felis. Ut at dolor quis odio consequat varius.', 'Marieann', 'Thorpe', '2023-01-27 09:45:40', '2022-10-15 20:58:05')
, (34, 'admin5', null, 'Proin interdum mauris non ligula pellentesque ultrices. Phasellus id sapien in sapien iaculis congue. Vivamus metus arcu, adipiscing molestie, hendrerit at, vulputate vitae, nisl.', 'Melisenda', 'Petronia', '2022-07-01 18:28:49', '2022-10-29 11:54:37')
, (100, 'admin4', null, 'Curabitur in libero ut massa volutpat convallis. Morbi odio odio, elementum eu, interdum eu, tincidunt in, leo. Maecenas pulvinar lobortis est.', 'Lemuel', 'Gael', '2022-05-23 03:13:38', '2022-07-17 06:17:51')
, (35, 'admin1', null, 'Phasellus sit amet erat. Nulla tempus. Vivamus in felis eu sapien cursus vestibulum.', 'Templeton', 'Pauly', '2022-07-21 08:08:39', '2022-12-04 10:58:53')
, (69, 'admin1', null, 'In quis justo. Maecenas rhoncus aliquam lacus. Morbi quis tortor id nulla ultrices aliquet.', 'Carilyn', 'Huberto', '2022-05-05 20:17:42', '2022-10-05 20:20:13')
, (88, 'admin5', null, 'Aenean lectus. Pellentesque eget nunc. Donec quis orci eget orci vehicula condimentum.', 'Jock', 'Lia', '2022-09-09 16:45:52', '2022-09-05 12:03:33')
, (9, 'admin3', null, 'Cum sociis natoque penatibus et magnis dis parturient montes, nascetur ridiculus mus. Vivamus vestibulum sagittis sapien. Cum sociis natoque penatibus et magnis dis parturient montes, nascetur ridiculus mus.', 'Sydel', 'Valentine', '2022-12-12 16:22:18', '2022-11-11 07:20:14')
, (120, 'admin5', null, 'Curabitur in libero ut massa volutpat convallis. Morbi odio odio, elementum eu, interdum eu, tincidunt in, leo. Maecenas pulvinar lobortis est.', 'Dulci', 'Morton', '2022-10-03 02:08:27', '2023-03-11 17:30:08')
, (33, 'admin1', null, 'Integer tincidunt ante vel ipsum. Praesent blandit lacinia erat. Vestibulum sed magna at nunc commodo placerat.', 'Catlaina', 'Dione', '2022-12-09 14:59:07', '2022-08-13 04:21:01')
, (82, 'admin2', null, 'In hac habitasse platea dictumst. Morbi vestibulum, velit id pretium iaculis, diam erat fermentum justo, nec condimentum neque sapien placerat ante. Nulla justo.', 'Remus', 'Wendel', '2023-03-13 05:03:51', '2023-03-13 05:04:26')
, (40, 'admin5', null, 'Proin eu mi. Nulla ac enim. In tempor, turpis nec euismod scelerisque, quam turpis adipiscing lorem, vitae mattis nibh ligula nec sem.', 'Catherin', 'Sigismundo', '2023-03-18 05:46:27', '2022-07-21 22:09:15')
, (102, 'admin2', null, 'Duis consequat dui nec nisi volutpat eleifend. Donec ut dolor. Morbi vel lectus in quam fringilla rhoncus.', 'Christoph', 'Eb', '2022-08-28 06:10:55', '2022-04-25 17:15:19')
, (42, 'admin5', null, 'Duis aliquam convallis nunc. Proin at turpis a pede posuere nonummy. Integer non velit.', 'Lilllie', 'Floria', '2022-04-21 09:36:45', '2022-11-13 11:33:27')
, (92, 'admin5', null, 'Lorem ipsum dolor sit amet, consectetuer adipiscing elit. Proin risus. Praesent lectus.', 'Trula', 'Alverta', '2022-09-06 20:10:48', '2022-12-25 03:12:18')
, (14, 'admin1', null, 'Duis aliquam convallis nunc. Proin at turpis a pede posuere nonummy. Integer non velit.', 'Bernita', 'Philippine', '2023-01-07 17:29:36', '2022-08-05 09:00:30')
, (98, 'admin1', null, 'Fusce posuere felis sed lacus. Morbi sem mauris, laoreet ut, rhoncus aliquet, pulvinar sed, nisl. Nunc rhoncus dui vel sem.', 'Noelani', 'Raimund', '2023-01-14 19:20:53', '2023-03-04 08:44:55')
, (113, 'admin2', null, 'Etiam vel augue. Vestibulum rutrum rutrum neque. Aenean auctor gravida sem.', 'Dody', 'Amandy', '2022-05-11 14:25:22', '2023-01-01 18:35:36')
, (6, 'admin4', null, 'Vestibulum ac est lacinia nisi venenatis tristique. Fusce congue, diam id ornare imperdiet, sapien urna pretium nisl, ut volutpat sapien arcu sed augue. Aliquam erat volutpat.', 'Obed', 'Merlina', '2022-10-19 01:33:49', '2022-11-20 19:19:17')
, (5, 'admin2', null, 'Cum sociis natoque penatibus et magnis dis parturient montes, nascetur ridiculus mus. Vivamus vestibulum sagittis sapien. Cum sociis natoque penatibus et magnis dis parturient montes, nascetur ridiculus mus.', 'Patric', 'Jed', '2023-03-30 23:14:13', '2022-10-19 12:27:04')
, (55, 'admin4', null, 'Duis bibendum, felis sed interdum venenatis, turpis enim blandit mi, in porttitor pede justo eu massa. Donec dapibus. Duis at velit eu est congue elementum.', 'Demetria', 'Agnola', '2022-04-14 01:41:11', '2022-09-24 21:24:08')
, (21, 'admin2', null, 'Proin eu mi. Nulla ac enim. In tempor, turpis nec euismod scelerisque, quam turpis adipiscing lorem, vitae mattis nibh ligula nec sem.', 'Esdras', 'Rycca', '2022-05-12 10:42:07', '2022-10-27 22:20:07')
, (115, 'admin3', null, 'Fusce posuere felis sed lacus. Morbi sem mauris, laoreet ut, rhoncus aliquet, pulvinar sed, nisl. Nunc rhoncus dui vel sem.', 'Giustino', 'Beryle', '2022-12-03 06:03:14', '2023-03-09 21:46:43')
, (51, 'admin5', null, 'Integer ac leo. Pellentesque ultrices mattis odio. Donec vitae nisi.', 'Darline', 'Cornie', '2022-11-12 14:19:20', '2022-09-16 13:58:57')
, (123, 'admin4', null, 'Sed ante. Vivamus tortor. Duis mattis egestas metus.', 'Constantine', 'Lorens', '2022-07-10 14:49:12', '2022-08-16 23:27:24')
, (31, 'admin5', null, 'Aenean lectus. Pellentesque eget nunc. Donec quis orci eget orci vehicula condimentum.', 'Britt', 'Dimitry', '2023-01-06 15:03:45', '2023-02-21 11:18:52')
, (88, 'admin3', null, 'Lorem ipsum dolor sit amet, consectetuer adipiscing elit. Proin risus. Praesent lectus.', 'Burlie', 'Dallis', '2022-12-04 02:34:24', '2022-07-12 12:07:00')
, (68, 'admin3', null, 'Proin leo odio, porttitor id, consequat in, consequat ut, nulla. Sed accumsan felis. Ut at dolor quis odio consequat varius.', 'Cariotta', 'Farrel', '2022-04-30 11:20:36', '2022-11-26 09:22:26')
, (12, 'admin5', null, 'Curabitur in libero ut massa volutpat convallis. Morbi odio odio, elementum eu, interdum eu, tincidunt in, leo. Maecenas pulvinar lobortis est.', 'Ev', 'Creight', '2022-09-16 06:39:38', '2022-08-11 19:22:51')
, (55, 'admin3', null, 'Curabitur gravida nisi at nibh. In hac habitasse platea dictumst. Aliquam augue quam, sollicitudin vitae, consectetuer eget, rutrum at, lorem.', 'Kayne', 'Dorian', '2022-10-07 14:12:32', '2022-11-27 11:00:59')
, (83, 'admin3', null, 'Vestibulum quam sapien, varius ut, blandit non, interdum in, ante. Vestibulum ante ipsum primis in faucibus orci luctus et ultrices posuere cubilia Curae Duis faucibus accumsan odio. Curabitur convallis.', 'Wyn', 'Zarla', '2022-07-15 13:37:19', '2022-10-01 01:15:07')
, (120, 'admin4', null, 'Cum sociis natoque penatibus et magnis dis parturient montes, nascetur ridiculus mus. Vivamus vestibulum sagittis sapien. Cum sociis natoque penatibus et magnis dis parturient montes, nascetur ridiculus mus.', 'Esteban', 'Ara', '2022-12-12 03:00:54', '2022-04-12 12:08:43')
, (47, 'admin2', null, 'Fusce posuere felis sed lacus. Morbi sem mauris, laoreet ut, rhoncus aliquet, pulvinar sed, nisl. Nunc rhoncus dui vel sem.', 'Lenee', 'Nedda', '2022-07-30 02:48:39', '2022-05-01 21:43:06')
, (109, 'admin3', null, 'Vestibulum quam sapien, varius ut, blandit non, interdum in, ante. Vestibulum ante ipsum primis in faucibus orci luctus et ultrices posuere cubilia Curae Duis faucibus accumsan odio. Curabitur convallis.', 'Randi', 'Pansie', '2022-06-01 18:24:21', '2022-05-13 14:28:36')
, (111, 'admin1', null, 'Curabitur at ipsum ac tellus semper interdum. Mauris ullamcorper purus sit amet nulla. Quisque arcu libero, rutrum ac, lobortis vel, dapibus at, diam.', 'Hube', 'Wren', '2023-03-10 11:00:58', '2022-06-19 08:00:09')
, (50, 'admin3', null, 'Praesent id massa id nisl venenatis lacinia. Aenean sit amet justo. Morbi ut odio.', 'Giralda', 'Chryste', '2022-12-08 14:37:36', '2022-11-12 08:51:35')
, (13, 'admin2', null, 'Fusce posuere felis sed lacus. Morbi sem mauris, laoreet ut, rhoncus aliquet, pulvinar sed, nisl. Nunc rhoncus dui vel sem.', 'Mariann', 'Bryanty', '2022-09-16 00:17:44', '2023-02-07 02:29:43')
, (107, 'admin2', null, 'Maecenas leo odio, condimentum id, luctus nec, molestie sed, justo. Pellentesque viverra pede ac diam. Cras pellentesque volutpat dui.', 'Joel', 'Jeff', '2022-11-30 06:18:30', '2022-06-20 22:04:52')
, (37, 'admin2', null, 'Duis aliquam convallis nunc. Proin at turpis a pede posuere nonummy. Integer non velit.', 'Felicle', 'Ewen', '2022-10-07 10:06:35', '2022-04-22 15:38:44')
, (11, 'admin3', null, 'Morbi non lectus. Aliquam sit amet diam in magna bibendum imperdiet. Nullam orci pede, venenatis non, sodales sed, tincidunt eu, felis.', 'Yoshi', 'Gael', '2023-03-19 07:42:27', '2022-10-11 19:32:12')
, (15, 'admin2', null, 'Phasellus sit amet erat. Nulla tempus. Vivamus in felis eu sapien cursus vestibulum.', 'Cully', 'Ferd', '2022-08-23 16:20:09', '2022-07-11 17:55:18')
, (40, 'admin4', null, 'Nulla ut erat id mauris vulputate elementum. Nullam varius. Nulla facilisi.', 'Flori', 'Skippie', '2022-05-18 05:39:53', '2022-05-06 03:27:37')
, (58, 'admin5', null, 'Morbi non lectus. Aliquam sit amet diam in magna bibendum imperdiet. Nullam orci pede, venenatis non, sodales sed, tincidunt eu, felis.', 'Stephanus', 'Padraic', '2022-11-30 01:31:46', '2022-08-09 19:57:02')
, (30, 'admin1', null, 'Etiam vel augue. Vestibulum rutrum rutrum neque. Aenean auctor gravida sem.', 'Ethan', 'Thorpe', '2022-06-03 04:11:32', '2022-09-11 01:24:55')
, (96, 'admin3', null, 'Cras mi pede, malesuada in, imperdiet et, commodo vulputate, justo. In blandit ultrices enim. Lorem ipsum dolor sit amet, consectetuer adipiscing elit.', 'Galen', 'Marney', '2022-10-19 13:17:28', '2023-03-10 02:26:18')
, (25, 'admin2', null, 'Nulla ut erat id mauris vulputate elementum. Nullam varius. Nulla facilisi.', 'Marna', 'Jori', '2022-12-11 16:12:01', '2022-04-22 23:19:21')
, (83, 'admin4', null, 'Phasellus in felis. Donec semper sapien a libero. Nam dui.', 'Caprice', 'Mauricio', '2023-03-06 03:46:16', '2023-03-23 15:48:17')
, (101, 'admin5', null, 'Cum sociis natoque penatibus et magnis dis parturient montes, nascetur ridiculus mus. Vivamus vestibulum sagittis sapien. Cum sociis natoque penatibus et magnis dis parturient montes, nascetur ridiculus mus.', 'Neale', 'Gran', '2022-08-01 12:05:35', '2022-09-20 01:12:37')
, (95, 'admin5', null, 'Proin leo odio, porttitor id, consequat in, consequat ut, nulla. Sed accumsan felis. Ut at dolor quis odio consequat varius.', 'Mureil', 'Roxie', '2023-01-20 18:18:14', '2023-03-25 20:27:16')
, (29, 'admin3', null, 'Proin eu mi. Nulla ac enim. In tempor, turpis nec euismod scelerisque, quam turpis adipiscing lorem, vitae mattis nibh ligula nec sem.', 'Fidelity', 'Cami', '2022-04-24 03:33:47', '2022-12-21 19:51:07')
, (96, 'admin3', null, 'Cras non velit nec nisi vulputate nonummy. Maecenas tincidunt lacus at velit. Vivamus vel nulla eget eros elementum pellentesque.', 'Weber', 'Ammamaria', '2023-01-16 14:51:03', '2022-11-08 02:20:56')
, (120, 'admin3', null, 'Quisque id justo sit amet sapien dignissim vestibulum. Vestibulum ante ipsum primis in faucibus orci luctus et ultrices posuere cubilia Curae Nulla dapibus dolor vel est. Donec odio justo, sollicitudin ut, suscipit a, feugiat et, eros.', 'Mady', 'Ari', '2022-06-18 13:50:58', '2023-02-13 14:43:40')
, (29, 'admin3', null, 'Donec diam neque, vestibulum eget, vulputate ut, ultrices vel, augue. Vestibulum ante ipsum primis in faucibus orci luctus et ultrices posuere cubilia Curae Donec pharetra, magna vestibulum aliquet ultrices, erat tortor sollicitudin mi, sit amet lobortis sapien sapien non mi. Integer ac neque.', 'Teri', 'Adriaens', '2023-02-25 17:00:29', '2022-07-18 13:22:23')
, (13, 'admin1', null, 'Sed ante. Vivamus tortor. Duis mattis egestas metus.', 'Christabella', 'Darcey', '2022-11-17 13:50:01', '2023-03-04 17:04:17')
, (53, 'admin4', null, 'Integer ac leo. Pellentesque ultrices mattis odio. Donec vitae nisi.', 'Mirilla', 'Dylan', '2022-07-20 06:53:23', '2022-10-24 02:05:54')
, (72, 'admin2', null, 'Aenean fermentum. Donec ut mauris eget massa tempor convallis. Nulla neque libero, convallis eget, eleifend luctus, ultricies eu, nibh.', 'Kat', 'Mara', '2022-09-02 13:09:03', '2023-03-14 03:41:58')
, (72, 'admin5', null, 'Quisque id justo sit amet sapien dignissim vestibulum. Vestibulum ante ipsum primis in faucibus orci luctus et ultrices posuere cubilia Curae Nulla dapibus dolor vel est. Donec odio justo, sollicitudin ut, suscipit a, feugiat et, eros.', 'Cristin', 'Ninetta', '2022-05-16 05:29:30', '2023-01-31 00:28:25')
, (2, 'admin3', null, 'Morbi non lectus. Aliquam sit amet diam in magna bibendum imperdiet. Nullam orci pede, venenatis non, sodales sed, tincidunt eu, felis.', 'Rebe', 'Vanya', '2022-07-14 11:49:53', '2022-07-15 12:39:08')
, (12, 'admin3', null, 'Integer ac leo. Pellentesque ultrices mattis odio. Donec vitae nisi.', 'Emlyn', 'Annemarie', '2023-01-31 00:02:42', '2022-10-09 10:32:04')
, (2, 'admin2', null, 'Sed ante. Vivamus tortor. Duis mattis egestas metus.', 'Cherry', 'Antin', '2023-03-12 01:36:53', '2022-05-24 06:20:20')
, (74, 'admin2', null, 'Morbi porttitor lorem id ligula. Suspendisse ornare consequat lectus. In est risus, auctor sed, tristique in, tempus sit amet, sem.', 'Sydelle', 'Benny', '2022-07-04 11:55:14', '2022-06-02 00:59:41')
, (74, 'admin4', null, 'Duis consequat dui nec nisi volutpat eleifend. Donec ut dolor. Morbi vel lectus in quam fringilla rhoncus.', 'Veradis', 'Skelly', '2022-05-19 01:25:20', '2022-07-26 03:35:43')
, (113, 'admin3', null, 'Nulla ut erat id mauris vulputate elementum. Nullam varius. Nulla facilisi.', 'Golda', 'Noel', '2023-02-17 22:33:01', '2023-03-26 08:29:33')
, (63, 'admin1', null, 'Phasellus in felis. Donec semper sapien a libero. Nam dui.', 'Joelly', 'Danie', '2022-08-08 04:10:41', '2022-07-02 05:03:49')
, (112, 'admin1', null, 'In hac habitasse platea dictumst. Etiam faucibus cursus urna. Ut tellus.', 'Free', 'Ross', '2022-06-26 01:41:54', '2023-03-31 22:02:18')
, (25, 'admin2', null, 'Fusce consequat. Nulla nisl. Nunc nisl.', 'Michel', 'Desmond', '2022-12-25 06:32:28', '2022-06-28 21:19:28')
, (57, 'admin5', null, 'In hac habitasse platea dictumst. Etiam faucibus cursus urna. Ut tellus.', 'Meier', 'Burl', '2022-07-13 21:30:25', '2022-05-12 22:16:31')
, (96, 'admin1', null, 'Quisque porta volutpat erat. Quisque erat eros, viverra eget, congue eget, semper rutrum, nulla. Nunc purus.', 'Courtnay', 'Ceciley', '2022-06-03 14:29:13', '2022-06-24 00:56:27')
, (57, 'admin5', null, 'Proin eu mi. Nulla ac enim. In tempor, turpis nec euismod scelerisque, quam turpis adipiscing lorem, vitae mattis nibh ligula nec sem.', 'Xenos', 'Jacquelyn', '2023-02-09 22:03:55', '2023-03-11 14:41:20')
, (71, 'admin5', null, 'Duis bibendum, felis sed interdum venenatis, turpis enim blandit mi, in porttitor pede justo eu massa. Donec dapibus. Duis at velit eu est congue elementum.', 'Terra', 'Paul', '2022-10-30 08:44:56', '2022-05-04 20:55:20')
, (78, 'admin2', null, 'Fusce consequat. Nulla nisl. Nunc nisl.', 'Alix', 'Roslyn', '2022-07-07 07:20:12', '2022-05-06 12:31:03')
, (54, 'admin4', null, 'In congue. Etiam justo. Etiam pretium iaculis justo.', 'Franklyn', 'Shell', '2023-03-17 13:45:36', '2023-03-30 03:42:53')
, (67, 'admin1', null, 'Phasellus in felis. Donec semper sapien a libero. Nam dui.', 'Sheff', 'Kipp', '2023-03-27 05:33:55', '2022-12-06 10:05:48')
, (45, 'admin3', null, 'Maecenas leo odio, condimentum id, luctus nec, molestie sed, justo. Pellentesque viverra pede ac diam. Cras pellentesque volutpat dui.', 'Donall', 'Gerrie', '2023-02-24 08:55:27', '2022-08-01 16:35:34')
, (119, 'admin5', null, 'Duis aliquam convallis nunc. Proin at turpis a pede posuere nonummy. Integer non velit.', 'Nye', 'Renata', '2022-09-13 04:42:41', '2022-08-10 11:02:47')
, (115, 'admin1', null, 'Duis bibendum, felis sed interdum venenatis, turpis enim blandit mi, in porttitor pede justo eu massa. Donec dapibus. Duis at velit eu est congue elementum.', 'Roland', 'Ludwig', '2023-02-23 07:54:32', '2022-06-09 19:35:19')
, (74, 'admin2', null, 'Quisque id justo sit amet sapien dignissim vestibulum. Vestibulum ante ipsum primis in faucibus orci luctus et ultrices posuere cubilia Curae Nulla dapibus dolor vel est. Donec odio justo, sollicitudin ut, suscipit a, feugiat et, eros.', 'Lyndel', 'Silvia', '2022-10-19 08:30:53', '2022-08-12 06:55:46')
, (71, 'admin1', null, 'Proin leo odio, porttitor id, consequat in, consequat ut, nulla. Sed accumsan felis. Ut at dolor quis odio consequat varius.', 'Wally', 'Kerby', '2022-09-06 17:34:47', '2022-11-18 20:06:34')
, (50, 'admin3', null, 'Duis bibendum, felis sed interdum venenatis, turpis enim blandit mi, in porttitor pede justo eu massa. Donec dapibus. Duis at velit eu est congue elementum.', 'Cherilyn', 'Kailey', '2023-02-18 01:34:16', '2022-09-11 02:11:20')
, (9, 'admin5', null, 'Nullam porttitor lacus at turpis. Donec posuere metus vitae ipsum. Aliquam non mauris.', 'Livvyy', 'Susann', '2022-06-14 15:47:53', '2022-07-30 06:02:07')
, (113, 'admin3', null, 'In sagittis dui vel nisl. Duis ac nibh. Fusce lacus purus, aliquet at, feugiat non, pretium quis, lectus.', 'Lira', 'Arnoldo', '2022-05-29 23:32:45', '2023-02-12 06:32:54')
, (5, 'admin1', null, 'Proin interdum mauris non ligula pellentesque ultrices. Phasellus id sapien in sapien iaculis congue. Vivamus metus arcu, adipiscing molestie, hendrerit at, vulputate vitae, nisl.', 'Dorothy', 'Sara', '2022-11-25 18:02:53', '2022-10-21 15:34:59')
, (10, 'admin3', null, 'Proin eu mi. Nulla ac enim. In tempor, turpis nec euismod scelerisque, quam turpis adipiscing lorem, vitae mattis nibh ligula nec sem.', 'Sibella', 'Ingmar', '2023-02-16 12:40:50', '2022-05-18 22:50:23')
, (74, 'admin3', null, 'Pellentesque at nulla. Suspendisse potenti. Cras in purus eu magna vulputate luctus.', 'Allan', 'Abbye', '2022-09-08 15:06:53', '2022-09-09 06:11:14')
, (96, 'admin2', null, 'Quisque id justo sit amet sapien dignissim vestibulum. Vestibulum ante ipsum primis in faucibus orci luctus et ultrices posuere cubilia Curae Nulla dapibus dolor vel est. Donec odio justo, sollicitudin ut, suscipit a, feugiat et, eros.', 'Kary', 'Bryanty', '2023-01-11 21:06:30', '2022-09-19 15:08:51')
, (81, 'admin2', null, 'Vestibulum ac est lacinia nisi venenatis tristique. Fusce congue, diam id ornare imperdiet, sapien urna pretium nisl, ut volutpat sapien arcu sed augue. Aliquam erat volutpat.', 'Cybill', 'Rayshell', '2022-12-14 23:48:14', '2022-08-11 15:49:17')
, (70, 'admin2', null, 'Praesent id massa id nisl venenatis lacinia. Aenean sit amet justo. Morbi ut odio.', 'Dalis', 'Rea', '2022-08-11 02:39:35', '2022-09-27 11:47:01')
, (8, 'admin1', null, 'Quisque porta volutpat erat. Quisque erat eros, viverra eget, congue eget, semper rutrum, nulla. Nunc purus.', 'Gigi', 'Flory', '2022-09-04 11:39:26', '2022-12-28 11:07:57')
, (55, 'admin5', null, 'Morbi non lectus. Aliquam sit amet diam in magna bibendum imperdiet. Nullam orci pede, venenatis non, sodales sed, tincidunt eu, felis.', 'Tammi', 'Colene', '2022-11-09 09:51:15', '2023-02-07 03:43:42')
, (35, 'admin2', null, 'Sed sagittis. Nam congue, risus semper porta volutpat, quam pede lobortis ligula, sit amet eleifend pede libero quis orci. Nullam molestie nibh in lectus.', 'Tommi', 'Cesar', '2022-05-07 19:11:04', '2022-06-05 22:38:12')
, (1, 'admin3', null, 'Quisque id justo sit amet sapien dignissim vestibulum. Vestibulum ante ipsum primis in faucibus orci luctus et ultrices posuere cubilia Curae Nulla dapibus dolor vel est. Donec odio justo, sollicitudin ut, suscipit a, feugiat et, eros.', 'Garwood', 'Koral', '2022-10-07 10:24:37', '2022-05-02 10:19:56')
, (50, 'admin2', null, 'Aenean fermentum. Donec ut mauris eget massa tempor convallis. Nulla neque libero, convallis eget, eleifend luctus, ultricies eu, nibh.', 'Wildon', 'Ginevra', '2022-06-18 16:07:41', '2022-10-15 07:50:42')
, (119, 'admin5', null, 'Duis consequat dui nec nisi volutpat eleifend. Donec ut dolor. Morbi vel lectus in quam fringilla rhoncus.', 'Lilli', 'Chadd', '2022-05-12 02:32:23', '2022-05-02 18:08:24')
, (75, 'admin3', null, 'Lorem ipsum dolor sit amet, consectetuer adipiscing elit. Proin risus. Praesent lectus.', 'Bill', 'Addi', '2022-10-04 12:08:36', '2022-08-23 00:42:35')
, (57, 'admin5', null, 'Maecenas leo odio, condimentum id, luctus nec, molestie sed, justo. Pellentesque viverra pede ac diam. Cras pellentesque volutpat dui.', 'Raymund', 'Loralie', '2023-04-04 11:02:44', '2022-11-22 17:40:54')
, (86, 'admin1', null, 'Curabitur at ipsum ac tellus semper interdum. Mauris ullamcorper purus sit amet nulla. Quisque arcu libero, rutrum ac, lobortis vel, dapibus at, diam.', 'Willamina', 'Bryon', '2023-04-06 11:22:28', '2022-12-23 16:46:21')
, (110, 'admin4', null, 'Proin eu mi. Nulla ac enim. In tempor, turpis nec euismod scelerisque, quam turpis adipiscing lorem, vitae mattis nibh ligula nec sem.', 'Eleanora', 'Killy', '2022-05-11 00:16:22', '2023-01-17 15:01:29')
, (13, 'admin2', null, 'Aenean lectus. Pellentesque eget nunc. Donec quis orci eget orci vehicula condimentum.', 'Griswold', 'Valery', '2022-07-25 17:24:58', '2022-07-14 07:34:02')
, (98, 'admin3', null, 'Cras non velit nec nisi vulputate nonummy. Maecenas tincidunt lacus at velit. Vivamus vel nulla eget eros elementum pellentesque.', 'Paulette', 'Tony', '2023-01-03 07:40:00', '2022-08-16 06:09:32')
, (85, 'admin2', null, 'Duis bibendum, felis sed interdum venenatis, turpis enim blandit mi, in porttitor pede justo eu massa. Donec dapibus. Duis at velit eu est congue elementum.', 'Karla', 'Teddy', '2022-08-17 08:00:25', '2022-11-01 02:50:48')
, (120, 'admin3', null, 'Morbi non lectus. Aliquam sit amet diam in magna bibendum imperdiet. Nullam orci pede, venenatis non, sodales sed, tincidunt eu, felis.', 'Orsa', 'Marji', '2022-05-25 21:56:35', '2022-09-29 05:17:30')
, (98, 'admin5', null, 'Integer ac leo. Pellentesque ultrices mattis odio. Donec vitae nisi.', 'Hedwiga', 'Vina', '2023-01-08 05:27:40', '2022-10-27 01:03:52')
, (116, 'admin3', null, 'Morbi non lectus. Aliquam sit amet diam in magna bibendum imperdiet. Nullam orci pede, venenatis non, sodales sed, tincidunt eu, felis.', 'Elvin', 'Hercules', '2022-07-30 08:30:58', '2023-03-02 09:35:17')
, (96, 'admin5', null, 'Phasellus in felis. Donec semper sapien a libero. Nam dui.', 'Brynne', 'Beniamino', '2022-05-01 14:32:12', '2022-08-31 05:16:07')
, (20, 'admin1', null, 'Sed ante. Vivamus tortor. Duis mattis egestas metus.', 'Yolanda', 'Royal', '2022-08-30 07:49:05', '2022-05-03 16:32:05')
, (34, 'admin4', null, 'Phasellus sit amet erat. Nulla tempus. Vivamus in felis eu sapien cursus vestibulum.', 'Ulrica', 'Erin', '2022-07-13 21:57:49', '2022-05-14 10:47:55')
, (93, 'admin4', null, 'Praesent blandit. Nam nulla. Integer pede justo, lacinia eget, tincidunt eget, tempus vel, pede.', 'Sam', 'Edd', '2022-09-20 11:58:09', '2022-09-30 17:42:32')
, (4, 'admin4', null, 'Praesent id massa id nisl venenatis lacinia. Aenean sit amet justo. Morbi ut odio.', 'Hieronymus', 'Kendall', '2023-02-25 16:00:14', '2022-09-17 15:27:35')
, (101, 'admin2', null, 'Nulla ut erat id mauris vulputate elementum. Nullam varius. Nulla facilisi.', 'Joela', 'Raynor', '2022-08-08 04:52:45', '2022-10-12 07:21:31')
, (123, 'admin1', null, 'Quisque id justo sit amet sapien dignissim vestibulum. Vestibulum ante ipsum primis in faucibus orci luctus et ultrices posuere cubilia Curae Nulla dapibus dolor vel est. Donec odio justo, sollicitudin ut, suscipit a, feugiat et, eros.', 'Gabi', 'Joya', '2022-04-16 07:00:59', '2023-02-18 15:13:09')
, (36, 'admin2', null, 'Praesent blandit. Nam nulla. Integer pede justo, lacinia eget, tincidunt eget, tempus vel, pede.', 'Zed', 'Cy', '2022-05-07 06:10:04', '2022-09-08 11:56:25')
, (54, 'admin1', null, 'In hac habitasse platea dictumst. Etiam faucibus cursus urna. Ut tellus.', 'Jemie', 'Janenna', '2022-09-28 07:06:06', '2022-08-22 08:10:55')
, (35, 'admin2', null, 'Duis aliquam convallis nunc. Proin at turpis a pede posuere nonummy. Integer non velit.', 'Neil', 'Cordey', '2022-07-22 01:53:31', '2022-11-19 02:32:02')
, (54, 'admin1', null, 'Proin interdum mauris non ligula pellentesque ultrices. Phasellus id sapien in sapien iaculis congue. Vivamus metus arcu, adipiscing molestie, hendrerit at, vulputate vitae, nisl.', 'Shepherd', 'Lucy', '2023-02-13 20:28:46', '2022-07-15 12:24:31')
, (46, 'admin2', null, 'Lorem ipsum dolor sit amet, consectetuer adipiscing elit. Proin risus. Praesent lectus.', 'Eugene', 'Carny', '2023-03-08 12:36:10', '2022-10-01 18:39:34')
, (2, 'admin4', null, 'Vestibulum quam sapien, varius ut, blandit non, interdum in, ante. Vestibulum ante ipsum primis in faucibus orci luctus et ultrices posuere cubilia Curae Duis faucibus accumsan odio. Curabitur convallis.', 'Jaclyn', 'Elysia', '2022-12-22 04:04:06', '2022-06-18 07:50:34')
, (18, 'admin2', null, 'Proin leo odio, porttitor id, consequat in, consequat ut, nulla. Sed accumsan felis. Ut at dolor quis odio consequat varius.', 'Lilia', 'Scarlett', '2022-05-22 20:48:42', '2022-12-28 05:06:43')
, (50, 'admin3', null, 'Maecenas tristique, est et tempus semper, est quam pharetra magna, ac consequat metus sapien ut nunc. Vestibulum ante ipsum primis in faucibus orci luctus et ultrices posuere cubilia Curae Mauris viverra diam vitae quam. Suspendisse potenti.', 'Donnamarie', 'Ada', '2022-09-24 16:54:45', '2022-09-22 01:04:32')
, (41, 'admin3', null, 'Mauris enim leo, rhoncus sed, vestibulum sit amet, cursus id, turpis. Integer aliquet, massa id lobortis convallis, tortor risus dapibus augue, vel accumsan tellus nisi eu orci. Mauris lacinia sapien quis libero.', 'Alwin', 'Jo ann', '2022-09-01 09:21:12', '2022-06-23 12:50:53')
, (63, 'admin4', null, 'Morbi non lectus. Aliquam sit amet diam in magna bibendum imperdiet. Nullam orci pede, venenatis non, sodales sed, tincidunt eu, felis.', 'Carrie', 'Kris', '2023-01-16 07:14:41', '2023-01-22 21:08:43')
, (88, 'admin5', null, 'Duis consequat dui nec nisi volutpat eleifend. Donec ut dolor. Morbi vel lectus in quam fringilla rhoncus.', 'Charlene', 'Hestia', '2022-06-27 01:27:49', '2022-07-06 01:48:40')
, (120, 'admin4', null, 'In congue. Etiam justo. Etiam pretium iaculis justo.', 'Leoine', 'Kippy', '2022-12-30 04:05:08', '2022-08-26 16:18:35')
, (46, 'admin2', null, 'Maecenas ut massa quis augue luctus tincidunt. Nulla mollis molestie lorem. Quisque ut erat.', 'Renard', 'Gordie', '2022-09-06 17:41:11', '2022-10-13 09:06:39')
, (109, 'admin3', null, 'Quisque id justo sit amet sapien dignissim vestibulum. Vestibulum ante ipsum primis in faucibus orci luctus et ultrices posuere cubilia Curae Nulla dapibus dolor vel est. Donec odio justo, sollicitudin ut, suscipit a, feugiat et, eros.', 'Parry', 'Filmer', '2022-06-27 05:42:52', '2022-12-29 05:59:20')
, (106, 'admin3', null, 'Proin interdum mauris non ligula pellentesque ultrices. Phasellus id sapien in sapien iaculis congue. Vivamus metus arcu, adipiscing molestie, hendrerit at, vulputate vitae, nisl.', 'Tanney', 'Edsel', '2023-03-30 01:07:23', '2022-06-07 06:00:05')
, (99, 'admin1', null, 'Proin leo odio, porttitor id, consequat in, consequat ut, nulla. Sed accumsan felis. Ut at dolor quis odio consequat varius.', 'Eustacia', 'Raul', '2022-09-02 16:45:14', '2023-02-28 02:18:51')
, (96, 'admin3', null, 'Maecenas tristique, est et tempus semper, est quam pharetra magna, ac consequat metus sapien ut nunc. Vestibulum ante ipsum primis in faucibus orci luctus et ultrices posuere cubilia Curae Mauris viverra diam vitae quam. Suspendisse potenti.', 'Lennie', 'Magdaia', '2022-09-08 15:03:11', '2023-03-23 02:04:58')
, (7, 'admin4', null, 'Proin eu mi. Nulla ac enim. In tempor, turpis nec euismod scelerisque, quam turpis adipiscing lorem, vitae mattis nibh ligula nec sem.', 'Xenia', 'Hardy', '2022-04-10 17:05:44', '2022-11-28 12:41:24')
, (19, 'admin1', null, 'Duis bibendum, felis sed interdum venenatis, turpis enim blandit mi, in porttitor pede justo eu massa. Donec dapibus. Duis at velit eu est congue elementum.', 'Wilmette', 'Catharina', '2022-04-26 21:22:48', '2022-05-23 03:25:19')
, (28, 'admin1', null, 'Vestibulum quam sapien, varius ut, blandit non, interdum in, ante. Vestibulum ante ipsum primis in faucibus orci luctus et ultrices posuere cubilia Curae Duis faucibus accumsan odio. Curabitur convallis.', 'Erna', 'Kalina', '2023-04-05 03:03:51', '2022-07-17 01:11:50')
, (98, 'admin3', null, 'Suspendisse potenti. In eleifend quam a odio. In hac habitasse platea dictumst.', 'Mamie', 'Kinna', '2023-02-25 15:10:25', '2023-03-13 05:54:36')
, (82, 'admin3', null, 'Duis consequat dui nec nisi volutpat eleifend. Donec ut dolor. Morbi vel lectus in quam fringilla rhoncus.', 'Kurt', 'Kassi', '2022-04-12 14:45:53', '2022-07-15 21:33:20')
, (21, 'admin5', null, 'Donec diam neque, vestibulum eget, vulputate ut, ultrices vel, augue. Vestibulum ante ipsum primis in faucibus orci luctus et ultrices posuere cubilia Curae Donec pharetra, magna vestibulum aliquet ultrices, erat tortor sollicitudin mi, sit amet lobortis sapien sapien non mi. Integer ac neque.', 'Morgan', 'Corene', '2022-12-14 12:19:23', '2022-12-18 06:31:03')
, (122, 'admin4', null, 'Cras mi pede, malesuada in, imperdiet et, commodo vulputate, justo. In blandit ultrices enim. Lorem ipsum dolor sit amet, consectetuer adipiscing elit.', 'Tomas', 'Roby', '2023-02-06 12:04:28', '2022-12-16 01:17:15')
, (7, 'admin2', null, 'Donec diam neque, vestibulum eget, vulputate ut, ultrices vel, augue. Vestibulum ante ipsum primis in faucibus orci luctus et ultrices posuere cubilia Curae Donec pharetra, magna vestibulum aliquet ultrices, erat tortor sollicitudin mi, sit amet lobortis sapien sapien non mi. Integer ac neque.', 'Georgia', 'Barbabra', '2023-03-09 17:36:16', '2022-08-16 06:56:19')
, (80, 'admin3', null, 'In quis justo. Maecenas rhoncus aliquam lacus. Morbi quis tortor id nulla ultrices aliquet.', 'Lutero', 'Shaylyn', '2023-02-01 02:27:06', '2022-07-05 17:46:14')
, (10, 'admin3', null, 'Integer tincidunt ante vel ipsum. Praesent blandit lacinia erat. Vestibulum sed magna at nunc commodo placerat.', 'Creighton', 'Wynny', '2022-04-24 23:06:50', '2022-12-07 21:30:43')
, (38, 'admin4', null, 'In hac habitasse platea dictumst. Etiam faucibus cursus urna. Ut tellus.', 'Anatollo', 'Cosette', '2022-09-21 09:38:32', '2022-07-14 20:00:29')
, (82, 'admin3', null, 'Morbi porttitor lorem id ligula. Suspendisse ornare consequat lectus. In est risus, auctor sed, tristique in, tempus sit amet, sem.', 'Minerva', 'Stephenie', '2023-03-23 16:54:22', '2022-05-06 00:24:30')
, (121, 'admin1', null, 'Cras non velit nec nisi vulputate nonummy. Maecenas tincidunt lacus at velit. Vivamus vel nulla eget eros elementum pellentesque.', 'Gerard', 'Gianni', '2022-12-16 23:58:49', '2022-12-10 10:34:15')
, (121, 'admin4', null, 'Sed ante. Vivamus tortor. Duis mattis egestas metus.', 'Sue', 'Rolf', '2023-01-04 05:12:08', '2022-08-31 18:59:52')
, (67, 'admin2', null, 'Fusce posuere felis sed lacus. Morbi sem mauris, laoreet ut, rhoncus aliquet, pulvinar sed, nisl. Nunc rhoncus dui vel sem.', 'Madison', 'Cyb', '2022-12-24 08:41:53', '2023-03-26 06:18:24')
, (3, 'admin1', null, 'Phasellus sit amet erat. Nulla tempus. Vivamus in felis eu sapien cursus vestibulum.', 'Shermie', 'Ham', '2022-10-25 15:22:39', '2022-09-19 01:35:40')
, (99, 'admin4', null, 'Cum sociis natoque penatibus et magnis dis parturient montes, nascetur ridiculus mus. Vivamus vestibulum sagittis sapien. Cum sociis natoque penatibus et magnis dis parturient montes, nascetur ridiculus mus.', 'Christan', 'Aubert', '2023-04-08 07:25:33', '2022-07-05 13:53:58')
, (80, 'admin2', null, 'Cras non velit nec nisi vulputate nonummy. Maecenas tincidunt lacus at velit. Vivamus vel nulla eget eros elementum pellentesque.', 'Angelika', 'Bettine', '2022-07-07 03:52:29', '2023-03-16 12:29:20')
, (110, 'admin4', null, 'Aenean lectus. Pellentesque eget nunc. Donec quis orci eget orci vehicula condimentum.', 'Elladine', 'Abba', '2022-07-26 11:42:33', '2022-04-12 10:02:31')
, (70, 'admin1', null, 'Proin leo odio, porttitor id, consequat in, consequat ut, nulla. Sed accumsan felis. Ut at dolor quis odio consequat varius.', 'Fonsie', 'Thelma', '2022-05-31 07:14:54', '2022-06-21 18:09:02')
, (56, 'admin4', null, 'Proin eu mi. Nulla ac enim. In tempor, turpis nec euismod scelerisque, quam turpis adipiscing lorem, vitae mattis nibh ligula nec sem.', 'Karry', 'Cynthie', '2022-07-26 01:44:13', '2022-08-06 11:26:39')
, (71, 'admin4', null, 'Cras non velit nec nisi vulputate nonummy. Maecenas tincidunt lacus at velit. Vivamus vel nulla eget eros elementum pellentesque.', 'Harmony', 'Hyman', '2022-06-10 21:11:20', '2022-12-14 05:49:56')
, (65, 'admin3', null, 'Nullam porttitor lacus at turpis. Donec posuere metus vitae ipsum. Aliquam non mauris.', 'Shari', 'Agatha', '2022-12-23 11:40:50', '2022-10-10 01:52:28')
, (1, 'admin5', null, 'Sed sagittis. Nam congue, risus semper porta volutpat, quam pede lobortis ligula, sit amet eleifend pede libero quis orci. Nullam molestie nibh in lectus.', 'Chancey', 'Adina', '2022-08-26 16:45:23', '2023-01-31 18:06:24')
, (70, 'admin3', null, 'In hac habitasse platea dictumst. Etiam faucibus cursus urna. Ut tellus.', 'Pam', 'Haywood', '2023-01-04 06:45:49', '2022-06-02 12:52:36')
, (123, 'admin2', null, 'Mauris enim leo, rhoncus sed, vestibulum sit amet, cursus id, turpis. Integer aliquet, massa id lobortis convallis, tortor risus dapibus augue, vel accumsan tellus nisi eu orci. Mauris lacinia sapien quis libero.', 'Linnell', 'Sloan', '2022-11-16 06:35:00', '2023-03-16 18:59:42')
, (111, 'admin2', null, 'Maecenas ut massa quis augue luctus tincidunt. Nulla mollis molestie lorem. Quisque ut erat.', 'Teodora', 'Valma', '2022-11-10 14:54:39', '2022-07-07 01:41:10')
, (117, 'admin2', null, 'Phasellus sit amet erat. Nulla tempus. Vivamus in felis eu sapien cursus vestibulum.', 'Greer', 'Scarface', '2022-09-24 09:10:50', '2022-07-19 18:06:23')
, (25, 'admin2', null, 'Aenean fermentum. Donec ut mauris eget massa tempor convallis. Nulla neque libero, convallis eget, eleifend luctus, ultricies eu, nibh.', 'Vilhelmina', 'Eadmund', '2023-03-25 00:31:51', '2022-12-22 10:24:22')
, (60, 'admin4', null, 'Nullam sit amet turpis elementum ligula vehicula consequat. Morbi a ipsum. Integer a nibh.', 'Percy', 'Sol', '2023-03-25 07:35:29', '2022-10-19 18:05:05')
, (109, 'admin5', null, 'Morbi non lectus. Aliquam sit amet diam in magna bibendum imperdiet. Nullam orci pede, venenatis non, sodales sed, tincidunt eu, felis.', 'Ryon', 'Alica', '2022-06-29 04:14:13', '2022-10-06 12:36:24')
, (104, 'admin2', null, 'Aliquam quis turpis eget elit sodales scelerisque. Mauris sit amet eros. Suspendisse accumsan tortor quis turpis.', 'Risa', 'Barn', '2022-09-01 09:02:23', '2022-11-22 22:58:43')
, (121, 'admin5', null, 'Nulla ut erat id mauris vulputate elementum. Nullam varius. Nulla facilisi.', 'Philip', 'Gannie', '2022-10-17 14:24:23', '2022-08-03 01:30:16')
, (81, 'admin2', null, 'Duis aliquam convallis nunc. Proin at turpis a pede posuere nonummy. Integer non velit.', 'Goldi', 'Darby', '2022-11-15 18:51:27', '2022-06-02 12:13:23')
, (7, 'admin5', null, 'Integer tincidunt ante vel ipsum. Praesent blandit lacinia erat. Vestibulum sed magna at nunc commodo placerat.', 'Tobie', 'Glynnis', '2022-07-20 10:38:22', '2022-10-26 16:06:11')
, (78, 'admin1', null, 'Vestibulum quam sapien, varius ut, blandit non, interdum in, ante. Vestibulum ante ipsum primis in faucibus orci luctus et ultrices posuere cubilia Curae Duis faucibus accumsan odio. Curabitur convallis.', 'Jean', 'Lesly', '2022-07-09 08:52:40', '2023-03-08 00:15:23')
, (97, 'admin5', null, 'Curabitur at ipsum ac tellus semper interdum. Mauris ullamcorper purus sit amet nulla. Quisque arcu libero, rutrum ac, lobortis vel, dapibus at, diam.', 'Franciska', 'Judy', '2022-08-06 05:43:52', '2022-06-14 05:58:51')
, (64, 'admin1', null, 'Sed sagittis. Nam congue, risus semper porta volutpat, quam pede lobortis ligula, sit amet eleifend pede libero quis orci. Nullam molestie nibh in lectus.', 'Hillary', 'Lorna', '2022-08-13 08:46:07', '2022-09-10 11:18:38')
, (7, 'admin4', null, 'Cum sociis natoque penatibus et magnis dis parturient montes, nascetur ridiculus mus. Vivamus vestibulum sagittis sapien. Cum sociis natoque penatibus et magnis dis parturient montes, nascetur ridiculus mus.', 'Joly', 'Pia', '2022-10-10 16:07:38', '2022-05-22 07:32:59')
, (53, 'admin1', null, 'Nullam porttitor lacus at turpis. Donec posuere metus vitae ipsum. Aliquam non mauris.', 'Cecilio', 'Elset', '2022-06-26 13:18:40', '2022-08-06 08:53:24')
, (82, 'admin5', null, 'Suspendisse potenti. In eleifend quam a odio. In hac habitasse platea dictumst.', 'Bridget', 'Angelico', '2022-10-20 03:38:55', '2022-09-19 09:23:47')
, (75, 'admin3', null, 'Phasellus sit amet erat. Nulla tempus. Vivamus in felis eu sapien cursus vestibulum.', 'Ruth', 'Leeland', '2022-04-25 01:27:32', '2022-07-15 04:44:40')
, (84, 'admin4', null, 'Donec diam neque, vestibulum eget, vulputate ut, ultrices vel, augue. Vestibulum ante ipsum primis in faucibus orci luctus et ultrices posuere cubilia Curae Donec pharetra, magna vestibulum aliquet ultrices, erat tortor sollicitudin mi, sit amet lobortis sapien sapien non mi. Integer ac neque.', 'Alic', 'Sigismondo', '2022-08-19 16:16:26', '2022-10-16 05:21:52')
, (52, 'admin2', null, 'Nam ultrices, libero non mattis pulvinar, nulla pede ullamcorper augue, a suscipit nulla elit ac nulla. Sed vel enim sit amet nunc viverra dapibus. Nulla suscipit ligula in lacus.', 'Ebony', 'Matthus', '2022-06-17 10:43:04', '2022-09-03 19:40:35')
, (64, 'admin1', null, 'Nulla ut erat id mauris vulputate elementum. Nullam varius. Nulla facilisi.', 'Hugibert', 'Giselbert', '2023-03-17 16:00:44', '2022-12-17 20:19:44')
, (83, 'admin2', null, 'Curabitur gravida nisi at nibh. In hac habitasse platea dictumst. Aliquam augue quam, sollicitudin vitae, consectetuer eget, rutrum at, lorem.', 'Ruthy', 'Nerte', '2022-04-28 13:22:24', '2023-02-22 23:04:29')
, (57, 'admin1', null, 'Vestibulum quam sapien, varius ut, blandit non, interdum in, ante. Vestibulum ante ipsum primis in faucibus orci luctus et ultrices posuere cubilia Curae Duis faucibus accumsan odio. Curabitur convallis.', 'Ely', 'Reiko', '2022-12-03 03:23:10', '2022-10-06 18:45:16')
, (31, 'admin2', null, 'Maecenas ut massa quis augue luctus tincidunt. Nulla mollis molestie lorem. Quisque ut erat.', 'Ellswerth', 'Enos', '2022-08-23 12:56:55', '2022-08-23 14:14:37')
, (118, 'admin4', null, 'Nullam porttitor lacus at turpis. Donec posuere metus vitae ipsum. Aliquam non mauris.', 'Nanine', 'Tarrah', '2022-06-19 18:14:00', '2022-06-14 04:52:43')
, (74, 'admin5', null, 'Cum sociis natoque penatibus et magnis dis parturient montes, nascetur ridiculus mus. Vivamus vestibulum sagittis sapien. Cum sociis natoque penatibus et magnis dis parturient montes, nascetur ridiculus mus.', 'Thea', 'Bondie', '2022-06-12 22:54:41', '2022-05-30 18:49:35')
, (57, 'admin5', null, 'Etiam vel augue. Vestibulum rutrum rutrum neque. Aenean auctor gravida sem.', 'Pamelina', 'Jeffy', '2023-01-19 02:27:41', '2022-10-01 15:30:03')
, (51, 'admin2', null, 'Aenean fermentum. Donec ut mauris eget massa tempor convallis. Nulla neque libero, convallis eget, eleifend luctus, ultricies eu, nibh.', 'Nedi', 'Perla', '2023-02-16 12:15:02', '2023-03-26 16:01:16')
, (4, 'admin3', null, 'Aenean fermentum. Donec ut mauris eget massa tempor convallis. Nulla neque libero, convallis eget, eleifend luctus, ultricies eu, nibh.', 'Honor', 'Tirrell', '2022-08-04 03:40:04', '2022-12-24 06:26:30')
, (56, 'admin3', null, 'Curabitur at ipsum ac tellus semper interdum. Mauris ullamcorper purus sit amet nulla. Quisque arcu libero, rutrum ac, lobortis vel, dapibus at, diam.', 'Babs', 'Gypsy', '2022-10-17 17:40:36', '2023-03-10 13:46:18')
, (55, 'admin4', null, 'Curabitur gravida nisi at nibh. In hac habitasse platea dictumst. Aliquam augue quam, sollicitudin vitae, consectetuer eget, rutrum at, lorem.', 'Casper', 'Foss', '2022-04-13 21:55:17', '2022-04-12 20:10:04')
, (80, 'admin5', null, 'Fusce posuere felis sed lacus. Morbi sem mauris, laoreet ut, rhoncus aliquet, pulvinar sed, nisl. Nunc rhoncus dui vel sem.', 'Jeanna', 'Pansy', '2022-11-05 06:45:16', '2023-01-10 17:14:25')
, (118, 'admin3', null, 'Proin eu mi. Nulla ac enim. In tempor, turpis nec euismod scelerisque, quam turpis adipiscing lorem, vitae mattis nibh ligula nec sem.', 'Stesha', 'Jilleen', '2022-08-24 03:55:03', '2022-08-28 05:31:41')
, (110, 'admin4', null, 'Praesent id massa id nisl venenatis lacinia. Aenean sit amet justo. Morbi ut odio.', 'Leola', 'Hilary', '2023-02-11 13:33:07', '2022-05-12 22:27:44')
, (109, 'admin1', null, 'Nulla ut erat id mauris vulputate elementum. Nullam varius. Nulla facilisi.', 'Stepha', 'Thurstan', '2022-04-13 15:23:20', '2022-10-10 20:56:10')
, (120, 'admin5', null, 'Duis consequat dui nec nisi volutpat eleifend. Donec ut dolor. Morbi vel lectus in quam fringilla rhoncus.', 'Chiarra', 'Barbette', '2022-10-15 09:18:53', '2023-02-20 01:14:17')
, (109, 'admin3', null, 'Morbi porttitor lorem id ligula. Suspendisse ornare consequat lectus. In est risus, auctor sed, tristique in, tempus sit amet, sem.', 'Annamarie', 'Cyndia', '2022-09-27 19:15:54', '2023-01-21 18:51:30')
, (21, 'admin1', null, 'Nam ultrices, libero non mattis pulvinar, nulla pede ullamcorper augue, a suscipit nulla elit ac nulla. Sed vel enim sit amet nunc viverra dapibus. Nulla suscipit ligula in lacus.', 'Natty', 'Egor', '2022-10-25 19:11:38', '2022-10-01 13:37:24')
, (109, 'admin3', null, 'Maecenas ut massa quis augue luctus tincidunt. Nulla mollis molestie lorem. Quisque ut erat.', 'Addy', 'Saundra', '2022-11-18 13:35:15', '2022-08-03 10:08:11')
, (108, 'admin4', null, 'Fusce consequat. Nulla nisl. Nunc nisl.', 'Lidia', 'Germaine', '2022-11-29 21:27:34', '2022-12-13 14:28:39')
, (92, 'admin3', null, 'Proin interdum mauris non ligula pellentesque ultrices. Phasellus id sapien in sapien iaculis congue. Vivamus metus arcu, adipiscing molestie, hendrerit at, vulputate vitae, nisl.', 'Sara', 'Delmar', '2022-04-28 11:39:53', '2022-08-06 08:56:57')
, (74, 'admin4', null, 'Etiam vel augue. Vestibulum rutrum rutrum neque. Aenean auctor gravida sem.', 'Lay', 'Tilda', '2022-09-22 09:50:23', '2022-12-04 15:33:06')
, (111, 'admin2', null, 'Praesent id massa id nisl venenatis lacinia. Aenean sit amet justo. Morbi ut odio.', 'Jarrid', 'Storm', '2022-08-01 04:59:56', '2022-11-16 11:52:36')
, (100, 'admin1', null, 'Quisque porta volutpat erat. Quisque erat eros, viverra eget, congue eget, semper rutrum, nulla. Nunc purus.', 'Elbertina', 'Dacia', '2022-11-21 10:57:57', '2022-06-07 19:01:33')
, (62, 'admin5', null, 'Quisque porta volutpat erat. Quisque erat eros, viverra eget, congue eget, semper rutrum, nulla. Nunc purus.', 'Brewster', 'Arleyne', '2022-12-05 10:55:29', '2022-06-29 14:40:15')
, (66, 'admin1', null, 'Praesent blandit. Nam nulla. Integer pede justo, lacinia eget, tincidunt eget, tempus vel, pede.', 'Nickey', 'Lillis', '2023-01-06 14:26:25', '2022-06-08 17:16:44')
, (63, 'admin2', null, 'Aenean fermentum. Donec ut mauris eget massa tempor convallis. Nulla neque libero, convallis eget, eleifend luctus, ultricies eu, nibh.', 'Linc', 'Toby', '2022-10-06 20:46:57', '2022-05-25 20:52:13')
, (29, 'admin5', null, 'Nullam sit amet turpis elementum ligula vehicula consequat. Morbi a ipsum. Integer a nibh.', 'Lark', 'Sylvan', '2022-11-05 19:35:49', '2023-03-16 07:22:20')
, (22, 'admin1', null, 'Pellentesque at nulla. Suspendisse potenti. Cras in purus eu magna vulputate luctus.', 'Lin', 'Keen', '2023-03-02 23:04:02', '2022-09-06 12:31:24')
, (46, 'admin5', null, 'Etiam vel augue. Vestibulum rutrum rutrum neque. Aenean auctor gravida sem.', 'Eldon', 'Demetre', '2022-12-26 20:02:29', '2022-11-24 00:22:32')
, (4, 'admin1', null, 'Quisque id justo sit amet sapien dignissim vestibulum. Vestibulum ante ipsum primis in faucibus orci luctus et ultrices posuere cubilia Curae Nulla dapibus dolor vel est. Donec odio justo, sollicitudin ut, suscipit a, feugiat et, eros.', 'Genevieve', 'Callean', '2022-11-15 23:15:22', '2022-08-21 04:34:23')
, (79, 'admin1', null, 'Proin eu mi. Nulla ac enim. In tempor, turpis nec euismod scelerisque, quam turpis adipiscing lorem, vitae mattis nibh ligula nec sem.', 'Linoel', 'Ronica', '2023-03-30 08:05:07', '2023-03-12 19:20:59')
, (114, 'admin4', null, 'Sed ante. Vivamus tortor. Duis mattis egestas metus.', 'Gipsy', 'Rutledge', '2022-09-06 14:22:10', '2022-04-29 02:58:01')
, (59, 'admin4', null, 'Integer ac leo. Pellentesque ultrices mattis odio. Donec vitae nisi.', 'Carol-jean', 'Valery', '2022-06-25 19:00:33', '2023-02-16 14:32:01')
, (11, 'admin2', null, 'Curabitur at ipsum ac tellus semper interdum. Mauris ullamcorper purus sit amet nulla. Quisque arcu libero, rutrum ac, lobortis vel, dapibus at, diam.', 'Eden', 'Conrado', '2023-03-12 04:06:25', '2022-06-08 08:17:30')
, (91, 'admin5', null, 'Nam ultrices, libero non mattis pulvinar, nulla pede ullamcorper augue, a suscipit nulla elit ac nulla. Sed vel enim sit amet nunc viverra dapibus. Nulla suscipit ligula in lacus.', 'Diana', 'Beverlee', '2022-05-02 06:26:30', '2022-10-12 08:37:09')
, (101, 'admin1', null, 'Nullam sit amet turpis elementum ligula vehicula consequat. Morbi a ipsum. Integer a nibh.', 'Quinlan', 'Jess', '2022-07-09 19:24:06', '2022-11-12 21:25:30')
, (65, 'admin1', null, 'Fusce posuere felis sed lacus. Morbi sem mauris, laoreet ut, rhoncus aliquet, pulvinar sed, nisl. Nunc rhoncus dui vel sem.', 'Bessie', 'Thom', '2022-12-05 06:16:22', '2023-03-16 22:07:01')
, (58, 'admin3', null, 'Phasellus in felis. Donec semper sapien a libero. Nam dui.', 'Gideon', 'Bern', '2022-12-01 11:38:59', '2023-01-08 16:02:24')
, (8, 'admin2', null, 'Sed ante. Vivamus tortor. Duis mattis egestas metus.', 'Sampson', 'Colin', '2023-02-07 03:41:33', '2022-08-27 01:18:57')
, (23, 'admin1', null, 'Vestibulum quam sapien, varius ut, blandit non, interdum in, ante. Vestibulum ante ipsum primis in faucibus orci luctus et ultrices posuere cubilia Curae Duis faucibus accumsan odio. Curabitur convallis.', 'Roley', 'Aleksandr', '2022-06-26 21:42:40', '2022-08-07 19:23:52')
, (117, 'admin5', null, 'Maecenas leo odio, condimentum id, luctus nec, molestie sed, justo. Pellentesque viverra pede ac diam. Cras pellentesque volutpat dui.', 'Simonette', 'Cordi', '2022-08-25 20:45:06', '2022-08-30 12:08:32')
, (70, 'admin4', null, 'Curabitur at ipsum ac tellus semper interdum. Mauris ullamcorper purus sit amet nulla. Quisque arcu libero, rutrum ac, lobortis vel, dapibus at, diam.', 'Cristiano', 'Jeanette', '2022-08-18 22:29:17', '2022-05-25 12:33:22')
, (90, 'admin5', null, 'Fusce posuere felis sed lacus. Morbi sem mauris, laoreet ut, rhoncus aliquet, pulvinar sed, nisl. Nunc rhoncus dui vel sem.', 'Grant', 'Ole', '2023-03-18 11:47:43', '2022-08-18 14:12:52')
, (57, 'admin4', null, 'Curabitur gravida nisi at nibh. In hac habitasse platea dictumst. Aliquam augue quam, sollicitudin vitae, consectetuer eget, rutrum at, lorem.', 'Mitchell', 'Rosalind', '2022-05-30 19:06:40', '2022-09-10 00:59:09')
, (17, 'admin1', null, 'Duis bibendum, felis sed interdum venenatis, turpis enim blandit mi, in porttitor pede justo eu massa. Donec dapibus. Duis at velit eu est congue elementum.', 'Court', 'Tanya', '2022-05-04 13:03:41', '2023-03-07 02:29:52')
, (101, 'admin2', null, 'In hac habitasse platea dictumst. Etiam faucibus cursus urna. Ut tellus.', 'Blinni', 'Paule', '2022-09-17 03:09:01', '2023-01-09 16:14:06')
, (104, 'admin5', null, 'Pellentesque at nulla. Suspendisse potenti. Cras in purus eu magna vulputate luctus.', 'Morlee', 'Lemmie', '2022-09-20 11:53:14', '2023-04-03 04:10:18')
, (45, 'admin3', null, 'Cras non velit nec nisi vulputate nonummy. Maecenas tincidunt lacus at velit. Vivamus vel nulla eget eros elementum pellentesque.', 'Humphrey', 'Lonee', '2022-08-10 17:45:36', '2022-12-14 12:13:23')
, (37, 'admin5', null, 'Cum sociis natoque penatibus et magnis dis parturient montes, nascetur ridiculus mus. Vivamus vestibulum sagittis sapien. Cum sociis natoque penatibus et magnis dis parturient montes, nascetur ridiculus mus.', 'Uriah', 'Blanche', '2023-03-26 03:03:33', '2023-03-21 23:19:48')
, (63, 'admin5', null, 'Duis aliquam convallis nunc. Proin at turpis a pede posuere nonummy. Integer non velit.', 'Gayelord', 'Fowler', '2022-08-12 07:35:04', '2022-07-25 23:39:45')
, (61, 'admin1', null, 'Praesent blandit. Nam nulla. Integer pede justo, lacinia eget, tincidunt eget, tempus vel, pede.', 'Lida', 'Fleur', '2023-03-07 19:50:04', '2023-03-24 22:02:58')
, (54, 'admin4', null, 'Nullam sit amet turpis elementum ligula vehicula consequat. Morbi a ipsum. Integer a nibh.', 'Rance', 'Cherilyn', '2022-06-15 23:56:18', '2022-05-09 11:18:54')
, (75, 'admin1', null, 'Integer ac leo. Pellentesque ultrices mattis odio. Donec vitae nisi.', 'Darsey', 'Carlin', '2022-07-30 06:10:11', '2023-03-03 14:16:36')
, (9, 'admin3', null, 'Praesent blandit. Nam nulla. Integer pede justo, lacinia eget, tincidunt eget, tempus vel, pede.', 'Nevil', 'Zacharie', '2022-09-14 09:28:43', '2022-12-12 19:19:53')
, (51, 'admin1', null, 'Nullam sit amet turpis elementum ligula vehicula consequat. Morbi a ipsum. Integer a nibh.', 'Celeste', 'Adella', '2022-05-09 22:52:25', '2022-12-01 13:58:34')
, (100, 'admin1', null, 'Sed sagittis. Nam congue, risus semper porta volutpat, quam pede lobortis ligula, sit amet eleifend pede libero quis orci. Nullam molestie nibh in lectus.', 'Kendra', 'Akim', '2022-09-07 12:53:28', '2022-08-22 15:28:43')
, (87, 'admin2', null, 'Mauris enim leo, rhoncus sed, vestibulum sit amet, cursus id, turpis. Integer aliquet, massa id lobortis convallis, tortor risus dapibus augue, vel accumsan tellus nisi eu orci. Mauris lacinia sapien quis libero.', 'Shantee', 'Reina', '2022-04-24 15:35:02', '2022-08-21 10:36:07')
, (28, 'admin4', null, 'Duis consequat dui nec nisi volutpat eleifend. Donec ut dolor. Morbi vel lectus in quam fringilla rhoncus.', 'Chaunce', 'Sergent', '2022-09-18 23:15:14', '2022-08-17 18:23:42')
, (105, 'admin4', null, 'Praesent blandit. Nam nulla. Integer pede justo, lacinia eget, tincidunt eget, tempus vel, pede.', 'Pierre', 'Luci', '2022-09-21 15:12:30', '2022-08-12 01:42:59')
, (110, 'admin3', null, 'Curabitur in libero ut massa volutpat convallis. Morbi odio odio, elementum eu, interdum eu, tincidunt in, leo. Maecenas pulvinar lobortis est.', 'Freemon', 'Emalia', '2022-08-19 04:38:09', '2022-07-19 23:42:26')
, (119, 'admin1', null, 'Morbi porttitor lorem id ligula. Suspendisse ornare consequat lectus. In est risus, auctor sed, tristique in, tempus sit amet, sem.', 'Pammie', 'Nickola', '2022-10-14 02:29:32', '2022-08-15 11:45:58')
, (68, 'admin3', null, 'Sed ante. Vivamus tortor. Duis mattis egestas metus.', 'Dorolisa', 'Evvy', '2022-08-28 15:35:40', '2022-12-08 14:48:12')
, (18, 'admin5', null, 'Maecenas ut massa quis augue luctus tincidunt. Nulla mollis molestie lorem. Quisque ut erat.', 'Diannne', 'Rowland', '2022-11-29 11:15:48', '2022-04-13 15:58:06')
, (44, 'admin3', null, 'Sed ante. Vivamus tortor. Duis mattis egestas metus.', 'Avictor', 'Mauricio', '2022-12-01 21:18:13', '2022-09-03 22:54:54')
, (99, 'admin4', null, 'Fusce consequat. Nulla nisl. Nunc nisl.', 'Tandie', 'Cherry', '2022-09-30 02:23:14', '2022-07-02 20:31:16')
, (21, 'admin1', null, 'Integer ac leo. Pellentesque ultrices mattis odio. Donec vitae nisi.', 'Angelina', 'Worden', '2022-04-25 16:12:11', '2022-05-13 17:48:29')
, (103, 'admin4', null, 'Duis aliquam convallis nunc. Proin at turpis a pede posuere nonummy. Integer non velit.', 'Jade', 'Cariotta', '2022-11-01 10:46:01', '2022-06-25 19:22:38')
, (12, 'admin3', null, 'Proin leo odio, porttitor id, consequat in, consequat ut, nulla. Sed accumsan felis. Ut at dolor quis odio consequat varius.', 'Elton', 'Renaud', '2022-12-22 18:04:23', '2022-05-25 03:03:38')
, (46, 'admin4', null, 'Duis aliquam convallis nunc. Proin at turpis a pede posuere nonummy. Integer non velit.', 'Piotr', 'Lloyd', '2023-01-06 20:54:14', '2023-02-06 06:30:58')
, (42, 'admin5', null, 'Maecenas ut massa quis augue luctus tincidunt. Nulla mollis molestie lorem. Quisque ut erat.', 'Ina', 'Seka', '2022-04-25 20:27:27', '2022-05-05 01:45:07')
, (123, 'admin3', null, 'Etiam vel augue. Vestibulum rutrum rutrum neque. Aenean auctor gravida sem.', 'Lukas', 'Selene', '2023-02-06 18:31:03', '2022-05-10 21:10:58')
, (4, 'admin1', null, 'In hac habitasse platea dictumst. Etiam faucibus cursus urna. Ut tellus.', 'Nate', 'Welby', '2023-03-23 06:21:29', '2022-07-19 20:14:09')
, (60, 'admin5', null, 'Praesent blandit. Nam nulla. Integer pede justo, lacinia eget, tincidunt eget, tempus vel, pede.', 'Cal', 'Fionnula', '2022-12-20 13:49:44', '2022-11-20 17:36:57')
, (52, 'admin3', null, 'Cras non velit nec nisi vulputate nonummy. Maecenas tincidunt lacus at velit. Vivamus vel nulla eget eros elementum pellentesque.', 'Winni', 'Phelia', '2023-04-01 10:38:27', '2023-02-10 03:20:34')
, (33, 'admin4', null, 'Mauris enim leo, rhoncus sed, vestibulum sit amet, cursus id, turpis. Integer aliquet, massa id lobortis convallis, tortor risus dapibus augue, vel accumsan tellus nisi eu orci. Mauris lacinia sapien quis libero.', 'Lindon', 'Roxy', '2023-01-03 01:50:10', '2022-06-16 14:27:56')
, (9, 'admin4', null, 'In sagittis dui vel nisl. Duis ac nibh. Fusce lacus purus, aliquet at, feugiat non, pretium quis, lectus.', 'Abdel', 'Tisha', '2022-11-07 05:18:40', '2022-06-27 19:29:49')
, (95, 'admin3', null, 'Aliquam quis turpis eget elit sodales scelerisque. Mauris sit amet eros. Suspendisse accumsan tortor quis turpis.', 'Pepi', 'Tony', '2022-12-04 09:43:50', '2022-11-28 15:54:09')
, (23, 'admin3', null, 'Donec diam neque, vestibulum eget, vulputate ut, ultrices vel, augue. Vestibulum ante ipsum primis in faucibus orci luctus et ultrices posuere cubilia Curae Donec pharetra, magna vestibulum aliquet ultrices, erat tortor sollicitudin mi, sit amet lobortis sapien sapien non mi. Integer ac neque.', 'Corrianne', 'Sher', '2022-12-14 19:49:25', '2023-04-05 08:48:29')
, (81, 'admin4', null, 'Praesent blandit. Nam nulla. Integer pede justo, lacinia eget, tincidunt eget, tempus vel, pede.', 'Georgina', 'Britteny', '2022-05-05 20:15:13', '2022-10-28 13:13:55')
, (63, 'admin3', null, 'Sed sagittis. Nam congue, risus semper porta volutpat, quam pede lobortis ligula, sit amet eleifend pede libero quis orci. Nullam molestie nibh in lectus.', 'Harp', 'Nisse', '2022-10-28 14:33:08', '2022-10-21 07:19:55')
, (53, 'admin2', null, 'Lorem ipsum dolor sit amet, consectetuer adipiscing elit. Proin risus. Praesent lectus.', 'Frederik', 'Darin', '2022-12-25 23:10:24', '2022-10-15 03:11:28')
, (27, 'admin2', null, 'Curabitur in libero ut massa volutpat convallis. Morbi odio odio, elementum eu, interdum eu, tincidunt in, leo. Maecenas pulvinar lobortis est.', 'Marshall', 'Catrina', '2022-07-19 06:36:18', '2022-07-05 07:49:49')
, (5, 'admin1', null, 'In hac habitasse platea dictumst. Etiam faucibus cursus urna. Ut tellus.', 'Phineas', 'Janek', '2023-02-23 16:23:24', '2022-11-23 04:34:57')
, (26, 'admin3', null, 'Curabitur gravida nisi at nibh. In hac habitasse platea dictumst. Aliquam augue quam, sollicitudin vitae, consectetuer eget, rutrum at, lorem.', 'Clare', 'Veronike', '2022-08-06 02:20:51', '2022-11-17 11:54:36')
, (7, 'admin5', null, 'Praesent id massa id nisl venenatis lacinia. Aenean sit amet justo. Morbi ut odio.', 'Abigail', 'Gus', '2023-01-13 23:51:43', '2022-08-04 09:01:21')
, (118, 'admin1', null, 'Suspendisse potenti. In eleifend quam a odio. In hac habitasse platea dictumst.', 'Atlanta', 'Amerigo', '2022-07-11 03:36:09', '2022-08-02 18:04:41')
, (97, 'admin3', null, 'Morbi non lectus. Aliquam sit amet diam in magna bibendum imperdiet. Nullam orci pede, venenatis non, sodales sed, tincidunt eu, felis.', 'Vincent', 'Diane', '2023-01-29 15:04:16', '2022-09-28 09:16:35')
, (102, 'admin1', null, 'Suspendisse potenti. In eleifend quam a odio. In hac habitasse platea dictumst.', 'Caddric', 'Lenna', '2023-03-13 17:12:25', '2022-06-11 09:06:22')
, (35, 'admin5', null, 'Integer tincidunt ante vel ipsum. Praesent blandit lacinia erat. Vestibulum sed magna at nunc commodo placerat.', 'Martynne', 'Jessika', '2022-12-02 18:59:28', '2023-01-23 16:32:26')
, (83, 'admin1', null, 'Cras non velit nec nisi vulputate nonummy. Maecenas tincidunt lacus at velit. Vivamus vel nulla eget eros elementum pellentesque.', 'Tonnie', 'Janey', '2023-02-26 00:52:36', '2022-10-16 03:17:08')
, (43, 'admin5', null, 'Curabitur in libero ut massa volutpat convallis. Morbi odio odio, elementum eu, interdum eu, tincidunt in, leo. Maecenas pulvinar lobortis est.', 'Katie', 'Keelia', '2022-07-11 05:09:55', '2022-06-19 00:39:37')
, (29, 'admin4', null, 'Praesent blandit. Nam nulla. Integer pede justo, lacinia eget, tincidunt eget, tempus vel, pede.', 'Codie', 'Oneida', '2023-03-19 21:48:10', '2022-06-22 22:20:09')
, (98, 'admin2', null, 'In hac habitasse platea dictumst. Morbi vestibulum, velit id pretium iaculis, diam erat fermentum justo, nec condimentum neque sapien placerat ante. Nulla justo.', 'Tibold', 'Lezley', '2022-06-11 14:58:54', '2022-08-02 07:37:46')
, (104, 'admin1', null, 'Integer tincidunt ante vel ipsum. Praesent blandit lacinia erat. Vestibulum sed magna at nunc commodo placerat.', 'Gracia', 'Terrie', '2022-07-21 00:05:16', '2022-09-10 16:33:43')
, (117, 'admin1', null, 'Praesent blandit. Nam nulla. Integer pede justo, lacinia eget, tincidunt eget, tempus vel, pede.', 'Berty', 'Merry', '2022-11-09 01:44:21', '2022-05-16 18:27:59')
, (117, 'admin4', null, 'In hac habitasse platea dictumst. Morbi vestibulum, velit id pretium iaculis, diam erat fermentum justo, nec condimentum neque sapien placerat ante. Nulla justo.', 'Gerty', 'Dianemarie', '2023-01-03 06:40:38', '2023-03-31 01:41:05')
, (94, 'admin2', null, 'Aliquam quis turpis eget elit sodales scelerisque. Mauris sit amet eros. Suspendisse accumsan tortor quis turpis.', 'Alma', 'Kale', '2022-12-08 16:12:43', '2023-04-04 13:01:12')
, (36, 'admin3', null, 'Morbi non lectus. Aliquam sit amet diam in magna bibendum imperdiet. Nullam orci pede, venenatis non, sodales sed, tincidunt eu, felis.', 'Rosene', 'Merridie', '2022-10-25 12:24:16', '2023-03-29 15:00:39')
, (117, 'admin4', null, 'Nam ultrices, libero non mattis pulvinar, nulla pede ullamcorper augue, a suscipit nulla elit ac nulla. Sed vel enim sit amet nunc viverra dapibus. Nulla suscipit ligula in lacus.', 'Cheri', 'Frankie', '2022-04-14 19:53:17', '2023-01-23 15:19:10')
, (97, 'admin3', null, 'Duis aliquam convallis nunc. Proin at turpis a pede posuere nonummy. Integer non velit.', 'Aigneis', 'Lisbeth', '2022-07-08 20:04:56', '2022-08-31 13:27:55')
, (26, 'admin2', null, 'Etiam vel augue. Vestibulum rutrum rutrum neque. Aenean auctor gravida sem.', 'Vassili', 'Missy', '2022-08-31 05:28:15', '2023-01-01 12:45:15')
, (65, 'admin3', null, 'Duis aliquam convallis nunc. Proin at turpis a pede posuere nonummy. Integer non velit.', 'Arabele', 'Lita', '2022-07-06 12:37:46', '2022-05-16 05:13:29')
, (39, 'admin4', null, 'In quis justo. Maecenas rhoncus aliquam lacus. Morbi quis tortor id nulla ultrices aliquet.', 'Mohandas', 'Cyrill', '2022-06-23 05:36:27', '2023-02-12 22:49:01')
, (87, 'admin1', null, 'Donec diam neque, vestibulum eget, vulputate ut, ultrices vel, augue. Vestibulum ante ipsum primis in faucibus orci luctus et ultrices posuere cubilia Curae Donec pharetra, magna vestibulum aliquet ultrices, erat tortor sollicitudin mi, sit amet lobortis sapien sapien non mi. Integer ac neque.', 'Wendell', 'Griffy', '2022-10-27 15:45:16', '2022-06-05 11:53:09')
, (100, 'admin1', null, 'Fusce posuere felis sed lacus. Morbi sem mauris, laoreet ut, rhoncus aliquet, pulvinar sed, nisl. Nunc rhoncus dui vel sem.', 'Elwood', 'Ambrose', '2022-07-16 10:39:59', '2022-05-25 19:33:49')
, (119, 'admin2', null, 'Duis bibendum. Morbi non quam nec dui luctus rutrum. Nulla tellus.', 'Costa', 'Ritchie', '2023-03-25 05:32:27', '2022-07-17 19:07:12')
, (5, 'admin1', null, 'Pellentesque at nulla. Suspendisse potenti. Cras in purus eu magna vulputate luctus.', 'August', 'Sidoney', '2022-07-01 07:45:41', '2022-08-28 22:50:01')
, (23, 'admin2', null, 'Mauris enim leo, rhoncus sed, vestibulum sit amet, cursus id, turpis. Integer aliquet, massa id lobortis convallis, tortor risus dapibus augue, vel accumsan tellus nisi eu orci. Mauris lacinia sapien quis libero.', 'Jacquetta', 'Foss', '2022-05-30 02:52:43', '2022-10-28 01:37:55')
, (77, 'admin5', null, 'Morbi porttitor lorem id ligula. Suspendisse ornare consequat lectus. In est risus, auctor sed, tristique in, tempus sit amet, sem.', 'Elizabeth', 'Allissa', '2022-11-17 10:03:20', '2022-09-14 20:02:13')
, (4, 'admin2', null, 'Curabitur gravida nisi at nibh. In hac habitasse platea dictumst. Aliquam augue quam, sollicitudin vitae, consectetuer eget, rutrum at, lorem.', 'Annis', 'Sunny', '2022-11-13 00:53:31', '2023-04-08 05:36:14')
, (117, 'admin2', null, 'Morbi non lectus. Aliquam sit amet diam in magna bibendum imperdiet. Nullam orci pede, venenatis non, sodales sed, tincidunt eu, felis.', 'Lani', 'Izzy', '2022-05-15 12:31:35', '2022-10-14 22:48:49')
, (20, 'admin2', null, 'Morbi porttitor lorem id ligula. Suspendisse ornare consequat lectus. In est risus, auctor sed, tristique in, tempus sit amet, sem.', 'Dal', 'Feodor', '2022-10-26 15:40:40', '2023-04-09 20:30:27')
, (85, 'admin4', null, 'In quis justo. Maecenas rhoncus aliquam lacus. Morbi quis tortor id nulla ultrices aliquet.', 'Shep', 'Wandis', '2022-11-12 16:35:56', '2022-05-03 07:32:34')
, (50, 'admin1', null, 'Curabitur in libero ut massa volutpat convallis. Morbi odio odio, elementum eu, interdum eu, tincidunt in, leo. Maecenas pulvinar lobortis est.', 'Artus', 'Katie', '2023-03-22 03:30:28', '2022-04-28 03:43:25')
, (6, 'admin5', null, 'Fusce consequat. Nulla nisl. Nunc nisl.', 'Tamas', 'Tim', '2022-12-07 20:42:38', '2022-12-04 02:26:13')
, (28, 'admin2', null, 'Praesent id massa id nisl venenatis lacinia. Aenean sit amet justo. Morbi ut odio.', 'Nanice', 'Euell', '2022-10-13 06:09:56', '2022-08-14 14:57:02')
, (45, 'admin2', null, 'Praesent id massa id nisl venenatis lacinia. Aenean sit amet justo. Morbi ut odio.', 'Sallee', 'Walden', '2023-02-16 06:05:46', '2022-05-13 13:28:15')
, (99, 'admin4', null, 'Duis aliquam convallis nunc. Proin at turpis a pede posuere nonummy. Integer non velit.', 'Taddeo', 'Blair', '2022-08-07 15:08:13', '2022-11-10 02:29:58')
, (29, 'admin4', null, 'Fusce consequat. Nulla nisl. Nunc nisl.', 'Joyan', 'Maury', '2022-12-31 19:37:04', '2022-09-28 12:00:16')
, (6, 'admin5', null, 'Praesent blandit. Nam nulla. Integer pede justo, lacinia eget, tincidunt eget, tempus vel, pede.', 'Mikol', 'Pierce', '2022-10-27 07:37:04', '2022-08-13 19:38:16')
, (66, 'admin1', null, 'Nulla ut erat id mauris vulputate elementum. Nullam varius. Nulla facilisi.', 'Noni', 'Prudi', '2022-07-18 07:51:40', '2023-01-24 09:35:26')
, (89, 'admin3', null, 'Phasellus sit amet erat. Nulla tempus. Vivamus in felis eu sapien cursus vestibulum.', 'Tamarra', 'Jo-ann', '2022-05-02 17:41:28', '2023-03-23 23:47:25')
, (45, 'admin1', null, 'Sed sagittis. Nam congue, risus semper porta volutpat, quam pede lobortis ligula, sit amet eleifend pede libero quis orci. Nullam molestie nibh in lectus.', 'Prince', 'Lettie', '2023-01-19 01:43:59', '2023-02-11 14:02:09')
, (81, 'admin1', null, 'Curabitur at ipsum ac tellus semper interdum. Mauris ullamcorper purus sit amet nulla. Quisque arcu libero, rutrum ac, lobortis vel, dapibus at, diam.', 'Antons', 'Marcelia', '2023-02-02 06:47:39', '2022-12-01 10:54:12')
, (16, 'admin4', null, 'In sagittis dui vel nisl. Duis ac nibh. Fusce lacus purus, aliquet at, feugiat non, pretium quis, lectus.', 'Lindsy', 'Wendall', '2022-07-22 20:21:00', '2022-09-18 21:58:09')
, (87, 'admin4', null, 'Quisque porta volutpat erat. Quisque erat eros, viverra eget, congue eget, semper rutrum, nulla. Nunc purus.', 'Bartel', 'Javier', '2022-06-08 12:20:02', '2022-09-13 00:57:16')
, (42, 'admin2', null, 'Curabitur gravida nisi at nibh. In hac habitasse platea dictumst. Aliquam augue quam, sollicitudin vitae, consectetuer eget, rutrum at, lorem.', 'Nathanael', 'Mirabel', '2022-10-28 05:10:42', '2022-12-26 21:28:20')
, (77, 'admin5', null, 'In hac habitasse platea dictumst. Etiam faucibus cursus urna. Ut tellus.', 'Sallyann', 'Maggie', '2022-10-11 12:41:39', '2023-01-06 18:11:39')
, (55, 'admin4', null, 'Vestibulum ac est lacinia nisi venenatis tristique. Fusce congue, diam id ornare imperdiet, sapien urna pretium nisl, ut volutpat sapien arcu sed augue. Aliquam erat volutpat.', 'Orella', 'Ethelred', '2022-06-09 22:08:42', '2023-01-19 18:50:47')
, (98, 'admin5', null, 'Fusce consequat. Nulla nisl. Nunc nisl.', 'Janice', 'Emmanuel', '2023-01-12 20:46:08', '2022-08-13 21:54:06')
, (90, 'admin5', null, 'Morbi porttitor lorem id ligula. Suspendisse ornare consequat lectus. In est risus, auctor sed, tristique in, tempus sit amet, sem.', 'Kelvin', 'Ulla', '2023-01-15 08:02:43', '2022-09-04 06:32:13')
, (68, 'admin2', null, 'Vestibulum ac est lacinia nisi venenatis tristique. Fusce congue, diam id ornare imperdiet, sapien urna pretium nisl, ut volutpat sapien arcu sed augue. Aliquam erat volutpat.', 'Jenelle', 'Noami', '2022-09-13 14:13:23', '2023-01-13 05:59:21')
, (9, 'admin3', null, 'Nullam porttitor lacus at turpis. Donec posuere metus vitae ipsum. Aliquam non mauris.', 'Amy', 'Em', '2022-09-09 23:05:42', '2022-10-02 20:43:35')
, (19, 'admin4', null, 'Morbi porttitor lorem id ligula. Suspendisse ornare consequat lectus. In est risus, auctor sed, tristique in, tempus sit amet, sem.', 'Margot', 'Avram', '2022-08-10 10:26:41', '2022-06-26 07:46:20')
, (41, 'admin1', null, 'Phasellus in felis. Donec semper sapien a libero. Nam dui.', 'Barbey', 'Dougie', '2023-01-25 04:23:37', '2022-06-12 07:03:01')
, (67, 'admin4', null, 'Lorem ipsum dolor sit amet, consectetuer adipiscing elit. Proin risus. Praesent lectus.', 'Alford', 'Elmore', '2022-04-24 15:43:12', '2022-09-22 07:45:45')
, (48, 'admin3', null, 'Duis bibendum. Morbi non quam nec dui luctus rutrum. Nulla tellus.', 'Austine', 'Clem', '2023-04-03 05:19:05', '2022-08-08 07:23:23')
, (121, 'admin1', null, 'Vestibulum quam sapien, varius ut, blandit non, interdum in, ante. Vestibulum ante ipsum primis in faucibus orci luctus et ultrices posuere cubilia Curae Duis faucibus accumsan odio. Curabitur convallis.', 'Lee', 'Sigismund', '2023-03-23 10:08:13', '2022-05-26 19:35:14')
, (40, 'admin4', null, 'Maecenas ut massa quis augue luctus tincidunt. Nulla mollis molestie lorem. Quisque ut erat.', 'Brod', 'Ashby', '2022-11-12 06:11:45', '2023-01-26 21:01:48')
, (39, 'admin3', null, 'In congue. Etiam justo. Etiam pretium iaculis justo.', 'Dahlia', 'Ruth', '2022-11-29 21:17:25', '2023-01-03 03:20:58')
, (49, 'admin4', null, 'Quisque porta volutpat erat. Quisque erat eros, viverra eget, congue eget, semper rutrum, nulla. Nunc purus.', 'Shirley', 'Esme', '2022-09-18 15:23:02', '2022-08-24 07:14:06')
, (61, 'admin5', null, 'Proin interdum mauris non ligula pellentesque ultrices. Phasellus id sapien in sapien iaculis congue. Vivamus metus arcu, adipiscing molestie, hendrerit at, vulputate vitae, nisl.', 'Thurstan', 'Jacki', '2022-05-15 12:01:28', '2022-07-16 04:13:47')
, (37, 'admin3', null, 'In quis justo. Maecenas rhoncus aliquam lacus. Morbi quis tortor id nulla ultrices aliquet.', 'Godard', 'Felita', '2022-08-14 09:13:02', '2022-09-03 12:19:40')
, (15, 'admin2', null, 'Pellentesque at nulla. Suspendisse potenti. Cras in purus eu magna vulputate luctus.', 'Dud', 'Tommie', '2022-09-28 08:47:30', '2023-02-25 13:31:57')
, (121, 'admin1', null, 'Proin leo odio, porttitor id, consequat in, consequat ut, nulla. Sed accumsan felis. Ut at dolor quis odio consequat varius.', 'Norrie', 'Alene', '2022-07-10 10:05:03', '2022-08-02 10:38:08')
, (91, 'admin3', null, 'Nullam porttitor lacus at turpis. Donec posuere metus vitae ipsum. Aliquam non mauris.', 'Stafani', 'Sonni', '2022-05-29 11:36:59', '2022-04-23 12:13:15')
, (7, 'admin1', null, 'Maecenas tristique, est et tempus semper, est quam pharetra magna, ac consequat metus sapien ut nunc. Vestibulum ante ipsum primis in faucibus orci luctus et ultrices posuere cubilia Curae Mauris viverra diam vitae quam. Suspendisse potenti.', 'Stearn', 'Krystalle', '2022-05-26 07:37:39', '2022-09-19 18:12:33')
, (70, 'admin5', null, 'Donec diam neque, vestibulum eget, vulputate ut, ultrices vel, augue. Vestibulum ante ipsum primis in faucibus orci luctus et ultrices posuere cubilia Curae Donec pharetra, magna vestibulum aliquet ultrices, erat tortor sollicitudin mi, sit amet lobortis sapien sapien non mi. Integer ac neque.', 'Celka', 'Mellisa', '2022-08-17 03:37:34', '2022-07-21 20:39:31')
, (93, 'admin4', null, 'Integer ac leo. Pellentesque ultrices mattis odio. Donec vitae nisi.', 'Nonah', 'Grantham', '2023-04-04 00:54:45', '2023-02-03 10:08:26')
, (1, 'admin5', null, 'Aenean lectus. Pellentesque eget nunc. Donec quis orci eget orci vehicula condimentum.', 'Joann', 'Red', '2022-12-21 02:50:24', '2022-04-15 19:41:04')
, (105, 'admin2', null, 'Donec diam neque, vestibulum eget, vulputate ut, ultrices vel, augue. Vestibulum ante ipsum primis in faucibus orci luctus et ultrices posuere cubilia Curae Donec pharetra, magna vestibulum aliquet ultrices, erat tortor sollicitudin mi, sit amet lobortis sapien sapien non mi. Integer ac neque.', 'Nell', 'Ira', '2022-05-21 11:20:52', '2022-06-09 09:04:40')
, (62, 'admin1', null, 'In quis justo. Maecenas rhoncus aliquam lacus. Morbi quis tortor id nulla ultrices aliquet.', 'Pattie', 'Chaddie', '2023-02-11 00:45:39', '2023-01-05 09:07:58')
, (90, 'admin3', null, 'Integer tincidunt ante vel ipsum. Praesent blandit lacinia erat. Vestibulum sed magna at nunc commodo placerat.', 'Nelia', 'Bartholemy', '2022-10-12 20:34:15', '2022-07-26 04:20:17')
, (70, 'admin5', null, 'Fusce consequat. Nulla nisl. Nunc nisl.', 'Petey', 'Kristien', '2022-06-01 13:06:56', '2022-10-09 19:19:01')
, (68, 'admin1', null, 'Proin leo odio, porttitor id, consequat in, consequat ut, nulla. Sed accumsan felis. Ut at dolor quis odio consequat varius.', 'Tarra', 'Mimi', '2022-05-02 03:14:12', '2022-05-18 23:51:10')
, (4, 'admin5', null, 'Nullam sit amet turpis elementum ligula vehicula consequat. Morbi a ipsum. Integer a nibh.', 'Hazel', 'Christabella', '2022-08-03 11:54:17', '2023-01-14 00:29:19')
, (103, 'admin4', null, 'Fusce consequat. Nulla nisl. Nunc nisl.', 'Celka', 'Maurie', '2022-09-11 09:47:50', '2022-09-23 02:10:27')
, (116, 'admin2', null, 'Proin eu mi. Nulla ac enim. In tempor, turpis nec euismod scelerisque, quam turpis adipiscing lorem, vitae mattis nibh ligula nec sem.', 'Daloris', 'Dotty', '2022-05-03 06:34:08', '2023-01-10 19:53:58')
, (118, 'admin2', null, 'Duis bibendum. Morbi non quam nec dui luctus rutrum. Nulla tellus.', 'Augustus', 'Felicity', '2022-11-19 21:20:17', '2023-03-13 14:05:04')
, (8, 'admin1', null, 'In hac habitasse platea dictumst. Etiam faucibus cursus urna. Ut tellus.', 'Dominic', 'Alyson', '2023-02-03 05:17:08', '2022-05-06 07:17:18')
, (8, 'admin3', null, 'Cum sociis natoque penatibus et magnis dis parturient montes, nascetur ridiculus mus. Vivamus vestibulum sagittis sapien. Cum sociis natoque penatibus et magnis dis parturient montes, nascetur ridiculus mus.', 'Fey', 'Chalmers', '2023-01-29 03:57:36', '2023-01-12 01:41:47')
, (32, 'admin4', null, 'Cras mi pede, malesuada in, imperdiet et, commodo vulputate, justo. In blandit ultrices enim. Lorem ipsum dolor sit amet, consectetuer adipiscing elit.', 'Tanhya', 'Kendricks', '2022-11-06 20:33:16', '2022-05-12 08:40:21')
, (98, 'admin2', null, 'Cras mi pede, malesuada in, imperdiet et, commodo vulputate, justo. In blandit ultrices enim. Lorem ipsum dolor sit amet, consectetuer adipiscing elit.', 'Irma', 'Dannye', '2022-11-26 18:51:46', '2023-02-02 08:21:59')
, (119, 'admin1', null, 'Duis bibendum. Morbi non quam nec dui luctus rutrum. Nulla tellus.', 'Artie', 'Dorelle', '2022-05-09 20:56:22', '2022-08-24 22:01:45')
, (34, 'admin5', null, 'Mauris enim leo, rhoncus sed, vestibulum sit amet, cursus id, turpis. Integer aliquet, massa id lobortis convallis, tortor risus dapibus augue, vel accumsan tellus nisi eu orci. Mauris lacinia sapien quis libero.', 'Anselm', 'Sax', '2022-08-05 17:46:10', '2023-04-06 03:41:23')
, (68, 'admin5', null, 'Proin eu mi. Nulla ac enim. In tempor, turpis nec euismod scelerisque, quam turpis adipiscing lorem, vitae mattis nibh ligula nec sem.', 'Hazlett', 'Faina', '2023-03-08 16:44:06', '2022-10-10 23:10:05')
, (5, 'admin2', null, 'Sed ante. Vivamus tortor. Duis mattis egestas metus.', 'Donaugh', 'Tracey', '2022-06-19 23:48:04', '2023-04-03 18:04:10')
, (114, 'admin1', null, 'Sed sagittis. Nam congue, risus semper porta volutpat, quam pede lobortis ligula, sit amet eleifend pede libero quis orci. Nullam molestie nibh in lectus.', 'Leonid', 'Kristal', '2022-06-15 01:11:14', '2022-07-18 00:00:09')
, (18, 'admin5', null, 'Curabitur at ipsum ac tellus semper interdum. Mauris ullamcorper purus sit amet nulla. Quisque arcu libero, rutrum ac, lobortis vel, dapibus at, diam.', 'Maureen', 'Lisa', '2022-08-23 10:12:21', '2023-01-20 09:57:44')
, (82, 'admin2', null, 'Cum sociis natoque penatibus et magnis dis parturient montes, nascetur ridiculus mus. Vivamus vestibulum sagittis sapien. Cum sociis natoque penatibus et magnis dis parturient montes, nascetur ridiculus mus.', 'Rochell', 'Port', '2023-03-24 22:41:33', '2023-03-15 08:24:10')
, (66, 'admin4', null, 'In congue. Etiam justo. Etiam pretium iaculis justo.', 'Ekaterina', 'Bearnard', '2022-12-19 17:42:07', '2023-03-17 13:05:35')
, (58, 'admin4', null, 'Suspendisse potenti. In eleifend quam a odio. In hac habitasse platea dictumst.', 'Irina', 'Marietta', '2022-06-26 20:35:55', '2022-08-15 13:04:39')
, (82, 'admin5', null, 'Integer ac leo. Pellentesque ultrices mattis odio. Donec vitae nisi.', 'Reeva', 'Stoddard', '2023-03-03 15:30:37', '2022-05-11 05:51:42')
, (108, 'admin4', null, 'Proin eu mi. Nulla ac enim. In tempor, turpis nec euismod scelerisque, quam turpis adipiscing lorem, vitae mattis nibh ligula nec sem.', 'Christophe', 'Berty', '2023-03-03 09:26:11', '2022-06-01 03:56:59')
, (31, 'admin5', null, 'Nulla ut erat id mauris vulputate elementum. Nullam varius. Nulla facilisi.', 'Rosene', 'Gunter', '2022-04-13 03:33:04', '2022-12-06 08:11:46')
, (91, 'admin1', null, 'Cras mi pede, malesuada in, imperdiet et, commodo vulputate, justo. In blandit ultrices enim. Lorem ipsum dolor sit amet, consectetuer adipiscing elit.', 'Ursa', 'Corbie', '2023-02-13 22:42:08', '2022-09-17 12:18:16')
, (56, 'admin3', null, 'Nulla ut erat id mauris vulputate elementum. Nullam varius. Nulla facilisi.', 'Nichol', 'Brandice', '2023-01-17 13:10:10', '2023-02-24 14:50:56')
, (17, 'admin1', null, 'Curabitur at ipsum ac tellus semper interdum. Mauris ullamcorper purus sit amet nulla. Quisque arcu libero, rutrum ac, lobortis vel, dapibus at, diam.', 'Alick', 'Rennie', '2022-05-31 18:44:00', '2022-05-15 09:28:03')
, (118, 'admin5', null, 'Aenean lectus. Pellentesque eget nunc. Donec quis orci eget orci vehicula condimentum.', 'Ethelin', 'Jerrie', '2022-04-29 00:10:30', '2022-07-27 19:37:27')
, (47, 'admin5', null, 'Mauris enim leo, rhoncus sed, vestibulum sit amet, cursus id, turpis. Integer aliquet, massa id lobortis convallis, tortor risus dapibus augue, vel accumsan tellus nisi eu orci. Mauris lacinia sapien quis libero.', 'Del', 'Bastian', '2022-04-23 12:05:58', '2022-07-01 10:07:30')
, (109, 'admin5', null, 'Curabitur gravida nisi at nibh. In hac habitasse platea dictumst. Aliquam augue quam, sollicitudin vitae, consectetuer eget, rutrum at, lorem.', 'Wainwright', 'Domenic', '2023-02-06 23:15:06', '2023-04-07 17:22:50')
, (13, 'admin1', null, 'Integer ac leo. Pellentesque ultrices mattis odio. Donec vitae nisi.', 'Rahal', 'Toiboid', '2023-02-17 19:09:09', '2022-04-16 10:25:52')
, (10, 'admin4', null, 'In hac habitasse platea dictumst. Morbi vestibulum, velit id pretium iaculis, diam erat fermentum justo, nec condimentum neque sapien placerat ante. Nulla justo.', 'Guthry', 'Bari', '2023-02-05 20:02:21', '2023-01-01 11:55:37')
, (1, 'admin2', null, 'Aliquam quis turpis eget elit sodales scelerisque. Mauris sit amet eros. Suspendisse accumsan tortor quis turpis.', 'Davita', 'Bernie', '2022-09-21 09:46:34', '2022-11-16 04:34:44')
, (99, 'admin1', null, 'Donec diam neque, vestibulum eget, vulputate ut, ultrices vel, augue. Vestibulum ante ipsum primis in faucibus orci luctus et ultrices posuere cubilia Curae Donec pharetra, magna vestibulum aliquet ultrices, erat tortor sollicitudin mi, sit amet lobortis sapien sapien non mi. Integer ac neque.', 'Rosalind', 'Gaven', '2022-09-25 16:03:41', '2023-01-21 12:42:14')
, (99, 'admin3', null, 'In hac habitasse platea dictumst. Etiam faucibus cursus urna. Ut tellus.', 'Gibb', 'Martin', '2022-08-27 18:11:41', '2022-07-19 15:15:41')
, (66, 'admin5', null, 'Maecenas tristique, est et tempus semper, est quam pharetra magna, ac consequat metus sapien ut nunc. Vestibulum ante ipsum primis in faucibus orci luctus et ultrices posuere cubilia Curae Mauris viverra diam vitae quam. Suspendisse potenti.', 'Giana', 'Leonora', '2022-10-18 16:32:44', '2022-10-02 07:12:12')
, (117, 'admin1', null, 'Nulla ut erat id mauris vulputate elementum. Nullam varius. Nulla facilisi.', 'Nessy', 'Bambie', '2022-07-24 09:36:43', '2022-04-17 09:37:11')
, (103, 'admin4', null, 'Proin leo odio, porttitor id, consequat in, consequat ut, nulla. Sed accumsan felis. Ut at dolor quis odio consequat varius.', 'Charlton', 'Joelynn', '2022-10-22 22:57:43', '2022-12-02 06:50:12')
, (112, 'admin3', null, 'Praesent blandit. Nam nulla. Integer pede justo, lacinia eget, tincidunt eget, tempus vel, pede.', 'Orelia', 'Ryon', '2023-01-06 04:38:22', '2022-08-07 17:11:32')
, (43, 'admin1', null, 'Phasellus in felis. Donec semper sapien a libero. Nam dui.', 'Shadow', 'Von', '2022-11-16 02:42:16', '2022-11-27 15:03:56')
, (108, 'admin5', null, 'Donec diam neque, vestibulum eget, vulputate ut, ultrices vel, augue. Vestibulum ante ipsum primis in faucibus orci luctus et ultrices posuere cubilia Curae Donec pharetra, magna vestibulum aliquet ultrices, erat tortor sollicitudin mi, sit amet lobortis sapien sapien non mi. Integer ac neque.', 'Burtie', 'Sampson', '2023-03-03 11:02:57', '2023-01-08 04:01:54')
, (87, 'admin5', null, 'Sed ante. Vivamus tortor. Duis mattis egestas metus.', 'Virgie', 'Ned', '2022-07-30 14:13:26', '2022-06-10 23:51:00')
, (102, 'admin3', null, 'Mauris enim leo, rhoncus sed, vestibulum sit amet, cursus id, turpis. Integer aliquet, massa id lobortis convallis, tortor risus dapibus augue, vel accumsan tellus nisi eu orci. Mauris lacinia sapien quis libero.', 'Marlow', 'Olga', '2022-07-25 09:14:25', '2023-01-10 02:48:20')
, (56, 'admin1', null, 'Cras mi pede, malesuada in, imperdiet et, commodo vulputate, justo. In blandit ultrices enim. Lorem ipsum dolor sit amet, consectetuer adipiscing elit.', 'Ruby', 'Fay', '2022-07-12 11:56:03', '2022-07-17 06:26:33')
, (117, 'admin2', null, 'Curabitur at ipsum ac tellus semper interdum. Mauris ullamcorper purus sit amet nulla. Quisque arcu libero, rutrum ac, lobortis vel, dapibus at, diam.', 'Lonna', 'Kalli', '2022-07-27 07:57:40', '2023-03-02 21:02:40')
, (100, 'admin5', null, 'Phasellus sit amet erat. Nulla tempus. Vivamus in felis eu sapien cursus vestibulum.', 'Billi', 'Curran', '2023-01-23 14:58:48', '2022-06-23 07:42:08')
, (92, 'admin5', null, 'Aenean fermentum. Donec ut mauris eget massa tempor convallis. Nulla neque libero, convallis eget, eleifend luctus, ultricies eu, nibh.', 'Kimmie', 'Aurora', '2022-11-19 23:34:57', '2022-07-31 22:39:11')
, (47, 'admin2', null, 'Vestibulum ac est lacinia nisi venenatis tristique. Fusce congue, diam id ornare imperdiet, sapien urna pretium nisl, ut volutpat sapien arcu sed augue. Aliquam erat volutpat.', 'Abner', 'Ado', '2022-04-17 18:57:42', '2023-01-28 04:22:57')
, (116, 'admin4', null, 'In sagittis dui vel nisl. Duis ac nibh. Fusce lacus purus, aliquet at, feugiat non, pretium quis, lectus.', 'Clemmy', 'Hynda', '2022-11-09 23:04:36', '2022-12-23 13:05:44')
, (33, 'admin3', null, 'In hac habitasse platea dictumst. Morbi vestibulum, velit id pretium iaculis, diam erat fermentum justo, nec condimentum neque sapien placerat ante. Nulla justo.', 'Faulkner', 'Odell', '2022-08-18 10:51:40', '2022-04-15 14:41:29')
, (103, 'admin4', null, 'Quisque porta volutpat erat. Quisque erat eros, viverra eget, congue eget, semper rutrum, nulla. Nunc purus.', 'Amberly', 'Gianina', '2023-02-17 21:00:02', '2022-08-22 15:27:58')
, (105, 'admin4', null, 'Curabitur at ipsum ac tellus semper interdum. Mauris ullamcorper purus sit amet nulla. Quisque arcu libero, rutrum ac, lobortis vel, dapibus at, diam.', 'Salomon', 'Marys', '2022-12-07 13:40:13', '2023-02-27 00:46:52')
, (80, 'admin4', null, 'Integer tincidunt ante vel ipsum. Praesent blandit lacinia erat. Vestibulum sed magna at nunc commodo placerat.', 'Genni', 'Dorelia', '2023-01-14 14:58:40', '2022-11-06 19:59:06')
, (86, 'admin2', null, 'Nullam porttitor lacus at turpis. Donec posuere metus vitae ipsum. Aliquam non mauris.', 'Dixie', 'Munmro', '2022-06-28 03:55:52', '2022-07-22 11:38:24')
, (100, 'admin5', null, 'Cras non velit nec nisi vulputate nonummy. Maecenas tincidunt lacus at velit. Vivamus vel nulla eget eros elementum pellentesque.', 'Pepita', 'Vail', '2022-06-16 11:38:13', '2022-08-19 22:48:14')
, (10, 'admin2', null, 'Cras non velit nec nisi vulputate nonummy. Maecenas tincidunt lacus at velit. Vivamus vel nulla eget eros elementum pellentesque.', 'Arney', 'Brose', '2022-08-28 06:52:37', '2022-05-29 23:08:26')
, (39, 'admin3', null, 'Maecenas ut massa quis augue luctus tincidunt. Nulla mollis molestie lorem. Quisque ut erat.', 'Gordie', 'Maxy', '2022-08-26 10:56:20', '2023-01-27 04:08:47')
, (39, 'admin4', null, 'Morbi porttitor lorem id ligula. Suspendisse ornare consequat lectus. In est risus, auctor sed, tristique in, tempus sit amet, sem.', 'Agnesse', 'Major', '2022-08-24 06:36:47', '2022-09-17 22:18:56')
, (28, 'admin5', null, 'In quis justo. Maecenas rhoncus aliquam lacus. Morbi quis tortor id nulla ultrices aliquet.', 'Aymer', 'Ivor', '2022-06-24 02:40:17', '2022-12-06 14:52:26')
, (104, 'admin5', null, 'Proin leo odio, porttitor id, consequat in, consequat ut, nulla. Sed accumsan felis. Ut at dolor quis odio consequat varius.', 'Sibeal', 'Balduin', '2022-05-24 07:00:14', '2022-05-14 20:02:07')
, (26, 'admin5', null, 'Nam ultrices, libero non mattis pulvinar, nulla pede ullamcorper augue, a suscipit nulla elit ac nulla. Sed vel enim sit amet nunc viverra dapibus. Nulla suscipit ligula in lacus.', 'Chryste', 'Loralee', '2022-07-21 02:29:44', '2022-10-13 22:19:55')
, (26, 'admin4', null, 'Sed sagittis. Nam congue, risus semper porta volutpat, quam pede lobortis ligula, sit amet eleifend pede libero quis orci. Nullam molestie nibh in lectus.', 'Hurlee', 'Valene', '2023-02-03 19:23:58', '2022-05-23 10:15:17')
, (30, 'admin4', null, 'Praesent blandit. Nam nulla. Integer pede justo, lacinia eget, tincidunt eget, tempus vel, pede.', 'Nathanael', 'Dillie', '2022-11-03 20:22:06', '2023-01-12 06:15:39')
, (121, 'admin3', null, 'Fusce posuere felis sed lacus. Morbi sem mauris, laoreet ut, rhoncus aliquet, pulvinar sed, nisl. Nunc rhoncus dui vel sem.', 'Germain', 'Rodger', '2023-02-24 00:43:25', '2022-12-15 14:20:36')
, (95, 'admin4', null, 'Phasellus in felis. Donec semper sapien a libero. Nam dui.', 'Suki', 'Dulcinea', '2023-01-28 18:46:01', '2022-09-04 23:58:39')
, (93, 'admin3', null, 'Maecenas leo odio, condimentum id, luctus nec, molestie sed, justo. Pellentesque viverra pede ac diam. Cras pellentesque volutpat dui.', 'Cordey', 'Drucy', '2022-09-27 17:33:34', '2022-04-15 19:48:46')
, (101, 'admin2', null, 'Proin eu mi. Nulla ac enim. In tempor, turpis nec euismod scelerisque, quam turpis adipiscing lorem, vitae mattis nibh ligula nec sem.', 'Zak', 'Ulric', '2023-01-25 06:51:27', '2022-11-08 13:43:13')
, (100, 'admin2', null, 'Phasellus sit amet erat. Nulla tempus. Vivamus in felis eu sapien cursus vestibulum.', 'Ade', 'Eberto', '2022-11-23 02:26:18', '2022-10-02 22:42:53')
, (75, 'admin2', null, 'Vestibulum quam sapien, varius ut, blandit non, interdum in, ante. Vestibulum ante ipsum primis in faucibus orci luctus et ultrices posuere cubilia Curae Duis faucibus accumsan odio. Curabitur convallis.', 'Marla', 'Marlowe', '2022-12-20 09:29:12', '2022-07-27 05:17:35')
, (62, 'admin5', null, 'Integer tincidunt ante vel ipsum. Praesent blandit lacinia erat. Vestibulum sed magna at nunc commodo placerat.', 'Rochette', 'Ashlee', '2022-08-19 21:26:49', '2022-06-18 04:07:13')
, (10, 'admin2', null, 'Sed sagittis. Nam congue, risus semper porta volutpat, quam pede lobortis ligula, sit amet eleifend pede libero quis orci. Nullam molestie nibh in lectus.', 'Evita', 'Zuzana', '2022-10-17 16:20:01', '2022-12-23 10:00:00')
, (81, 'admin1', null, 'Praesent id massa id nisl venenatis lacinia. Aenean sit amet justo. Morbi ut odio.', 'Kesley', 'Carmencita', '2022-10-23 13:24:04', '2023-01-11 10:00:10')
, (106, 'admin5', null, 'Duis consequat dui nec nisi volutpat eleifend. Donec ut dolor. Morbi vel lectus in quam fringilla rhoncus.', 'Elise', 'Sheilakathryn', '2022-08-20 02:56:15', '2022-06-21 23:14:13')
, (11, 'admin1', null, 'Integer ac leo. Pellentesque ultrices mattis odio. Donec vitae nisi.', 'Livvy', 'Rafferty', '2022-09-14 18:50:16', '2022-05-20 23:16:23')
, (20, 'admin4', null, 'Aenean lectus. Pellentesque eget nunc. Donec quis orci eget orci vehicula condimentum.', 'Rubin', 'Pryce', '2022-06-01 14:59:17', '2022-12-08 20:00:40')
, (31, 'admin4', null, 'Lorem ipsum dolor sit amet, consectetuer adipiscing elit. Proin risus. Praesent lectus.', 'Edmund', 'Michaella', '2022-11-10 11:59:22', '2023-02-10 11:39:56')
, (86, 'admin5', null, 'Sed ante. Vivamus tortor. Duis mattis egestas metus.', 'Grazia', 'Ely', '2022-07-03 12:53:21', '2023-01-29 01:05:51')
, (49, 'admin4', null, 'In quis justo. Maecenas rhoncus aliquam lacus. Morbi quis tortor id nulla ultrices aliquet.', 'Eadie', 'Andris', '2022-07-02 19:27:34', '2022-08-20 12:25:32')
, (98, 'admin5', null, 'Curabitur in libero ut massa volutpat convallis. Morbi odio odio, elementum eu, interdum eu, tincidunt in, leo. Maecenas pulvinar lobortis est.', 'Rana', 'Dionisio', '2023-01-26 06:14:48', '2022-11-05 13:51:07')
, (12, 'admin4', null, 'Curabitur gravida nisi at nibh. In hac habitasse platea dictumst. Aliquam augue quam, sollicitudin vitae, consectetuer eget, rutrum at, lorem.', 'Lyn', 'Matthiew', '2022-09-12 00:27:59', '2022-06-03 08:03:33')
, (86, 'admin1', null, 'Phasellus sit amet erat. Nulla tempus. Vivamus in felis eu sapien cursus vestibulum.', 'Gordie', 'Frederick', '2022-06-10 07:16:24', '2023-02-14 13:50:59')
, (93, 'admin4', null, 'Phasellus in felis. Donec semper sapien a libero. Nam dui.', 'Amalle', 'Alika', '2022-11-06 17:33:21', '2022-11-22 11:59:26')
, (117, 'admin2', null, 'Phasellus in felis. Donec semper sapien a libero. Nam dui.', 'Sherill', 'Kimmie', '2022-09-27 23:24:58', '2022-07-26 07:27:37')
, (53, 'admin4', null, 'Sed sagittis. Nam congue, risus semper porta volutpat, quam pede lobortis ligula, sit amet eleifend pede libero quis orci. Nullam molestie nibh in lectus.', 'Orazio', 'Melina', '2022-10-16 13:10:59', '2022-05-18 14:00:38')
, (92, 'admin5', null, 'Integer ac leo. Pellentesque ultrices mattis odio. Donec vitae nisi.', 'Desmond', 'Dickie', '2022-10-22 09:06:26', '2022-09-22 09:31:15')
, (87, 'admin5', null, 'In quis justo. Maecenas rhoncus aliquam lacus. Morbi quis tortor id nulla ultrices aliquet.', 'Keriann', 'Reynard', '2023-03-11 13:43:13', '2023-02-02 06:07:36')
, (102, 'admin2', null, 'Sed ante. Vivamus tortor. Duis mattis egestas metus.', 'Wenda', 'Kriste', '2022-12-24 06:37:01', '2022-10-13 11:25:15')
, (24, 'admin4', null, 'Maecenas leo odio, condimentum id, luctus nec, molestie sed, justo. Pellentesque viverra pede ac diam. Cras pellentesque volutpat dui.', 'Sapphira', 'Othello', '2022-11-30 19:12:01', '2022-08-15 14:51:28')
, (82, 'admin1', null, 'Duis aliquam convallis nunc. Proin at turpis a pede posuere nonummy. Integer non velit.', 'Darsey', 'Arnuad', '2023-03-21 21:33:11', '2022-04-16 07:11:58')
, (115, 'admin4', null, 'Mauris enim leo, rhoncus sed, vestibulum sit amet, cursus id, turpis. Integer aliquet, massa id lobortis convallis, tortor risus dapibus augue, vel accumsan tellus nisi eu orci. Mauris lacinia sapien quis libero.', 'Iggie', 'Debbie', '2022-11-28 02:44:26', '2022-09-06 20:20:34')
, (77, 'admin3', null, 'Aenean fermentum. Donec ut mauris eget massa tempor convallis. Nulla neque libero, convallis eget, eleifend luctus, ultricies eu, nibh.', 'Rhys', 'Skelly', '2022-05-15 10:55:02', '2023-01-09 21:36:29')
, (116, 'admin3', null, 'Quisque id justo sit amet sapien dignissim vestibulum. Vestibulum ante ipsum primis in faucibus orci luctus et ultrices posuere cubilia Curae Nulla dapibus dolor vel est. Donec odio justo, sollicitudin ut, suscipit a, feugiat et, eros.', 'Nanny', 'Natale', '2023-03-29 12:51:37', '2022-12-25 16:25:50')
, (105, 'admin5', null, 'Fusce consequat. Nulla nisl. Nunc nisl.', 'Addy', 'Diahann', '2023-01-06 13:53:28', '2023-01-04 22:49:48')
, (14, 'admin4', null, 'Aenean lectus. Pellentesque eget nunc. Donec quis orci eget orci vehicula condimentum.', 'Bernete', 'Calida', '2023-03-03 05:14:31', '2022-12-20 15:41:43')
, (38, 'admin5', null, 'In quis justo. Maecenas rhoncus aliquam lacus. Morbi quis tortor id nulla ultrices aliquet.', 'Garland', 'Candace', '2022-05-19 20:55:15', '2022-09-23 07:03:59')
, (90, 'admin4', null, 'Suspendisse potenti. In eleifend quam a odio. In hac habitasse platea dictumst.', 'Doe', 'Daven', '2022-12-11 07:37:37', '2022-10-28 18:05:45')
, (68, 'admin4', null, 'Maecenas leo odio, condimentum id, luctus nec, molestie sed, justo. Pellentesque viverra pede ac diam. Cras pellentesque volutpat dui.', 'Barbara-anne', 'Elroy', '2023-02-11 14:59:28', '2022-08-21 21:56:47')
, (34, 'admin3', null, 'Cum sociis natoque penatibus et magnis dis parturient montes, nascetur ridiculus mus. Vivamus vestibulum sagittis sapien. Cum sociis natoque penatibus et magnis dis parturient montes, nascetur ridiculus mus.', 'Jourdain', 'Jeffrey', '2023-01-21 02:06:31', '2022-10-11 21:16:08')
, (90, 'admin4', null, 'Donec diam neque, vestibulum eget, vulputate ut, ultrices vel, augue. Vestibulum ante ipsum primis in faucibus orci luctus et ultrices posuere cubilia Curae Donec pharetra, magna vestibulum aliquet ultrices, erat tortor sollicitudin mi, sit amet lobortis sapien sapien non mi. Integer ac neque.', 'Channa', 'Melesa', '2022-08-15 15:20:20', '2022-11-06 06:45:11')
, (48, 'admin5', null, 'Nulla ut erat id mauris vulputate elementum. Nullam varius. Nulla facilisi.', 'Ines', 'Baily', '2023-02-05 19:44:13', '2022-07-11 01:00:44')
, (98, 'admin1', null, 'Nulla ut erat id mauris vulputate elementum. Nullam varius. Nulla facilisi.', 'Denver', 'Stacee', '2022-10-17 21:48:02', '2022-07-04 19:37:41')
, (13, 'admin3', null, 'Etiam vel augue. Vestibulum rutrum rutrum neque. Aenean auctor gravida sem.', 'Logan', 'Lenee', '2022-07-12 01:36:58', '2022-07-10 14:58:02')
, (107, 'admin4', null, 'Proin leo odio, porttitor id, consequat in, consequat ut, nulla. Sed accumsan felis. Ut at dolor quis odio consequat varius.', 'Mile', 'Ralina', '2022-04-28 22:08:20', '2022-09-03 14:37:14')
, (120, 'admin1', null, 'Fusce posuere felis sed lacus. Morbi sem mauris, laoreet ut, rhoncus aliquet, pulvinar sed, nisl. Nunc rhoncus dui vel sem.', 'Hermie', 'Chrissie', '2023-02-23 08:57:48', '2023-04-07 04:32:22')
, (15, 'admin1', null, 'Nullam porttitor lacus at turpis. Donec posuere metus vitae ipsum. Aliquam non mauris.', 'Ursala', 'Wendye', '2022-06-14 12:17:02', '2022-12-24 00:59:44')
, (14, 'admin4', null, 'Vestibulum ac est lacinia nisi venenatis tristique. Fusce congue, diam id ornare imperdiet, sapien urna pretium nisl, ut volutpat sapien arcu sed augue. Aliquam erat volutpat.', 'Rancell', 'Glenn', '2022-10-02 02:37:13', '2022-08-12 21:41:01')
, (51, 'admin1', null, 'Cras non velit nec nisi vulputate nonummy. Maecenas tincidunt lacus at velit. Vivamus vel nulla eget eros elementum pellentesque.', 'Tobe', 'Johnny', '2022-12-29 11:41:18', '2023-01-07 08:44:50')
, (88, 'admin2', null, 'Proin eu mi. Nulla ac enim. In tempor, turpis nec euismod scelerisque, quam turpis adipiscing lorem, vitae mattis nibh ligula nec sem.', 'Sammy', 'Tierney', '2022-09-14 13:38:54', '2022-11-14 20:37:22')
, (74, 'admin5', null, 'Vestibulum ac est lacinia nisi venenatis tristique. Fusce congue, diam id ornare imperdiet, sapien urna pretium nisl, ut volutpat sapien arcu sed augue. Aliquam erat volutpat.', 'Edyth', 'Terese', '2022-04-20 05:36:00', '2022-04-15 09:23:19')
, (54, 'admin5', null, 'Curabitur at ipsum ac tellus semper interdum. Mauris ullamcorper purus sit amet nulla. Quisque arcu libero, rutrum ac, lobortis vel, dapibus at, diam.', 'Marne', 'Brew', '2023-01-13 01:02:58', '2022-10-14 23:07:16')
, (10, 'admin2', null, 'Curabitur at ipsum ac tellus semper interdum. Mauris ullamcorper purus sit amet nulla. Quisque arcu libero, rutrum ac, lobortis vel, dapibus at, diam.', 'Steward', 'Emily', '2022-04-30 09:25:38', '2023-01-04 18:57:29')
, (117, 'admin3', null, 'Curabitur in libero ut massa volutpat convallis. Morbi odio odio, elementum eu, interdum eu, tincidunt in, leo. Maecenas pulvinar lobortis est.', 'Robinson', 'Daryl', '2022-07-24 17:30:18', '2022-11-25 13:45:21')
, (52, 'admin2', null, 'In quis justo. Maecenas rhoncus aliquam lacus. Morbi quis tortor id nulla ultrices aliquet.', 'Von', 'Maxim', '2022-07-04 07:10:14', '2023-02-11 07:20:58')
, (93, 'admin3', null, 'Phasellus sit amet erat. Nulla tempus. Vivamus in felis eu sapien cursus vestibulum.', 'Trenton', 'Fanya', '2022-10-19 14:52:33', '2022-11-22 22:35:57')
, (39, 'admin1', null, 'Fusce posuere felis sed lacus. Morbi sem mauris, laoreet ut, rhoncus aliquet, pulvinar sed, nisl. Nunc rhoncus dui vel sem.', 'Ferdinand', 'Abbe', '2022-09-12 12:35:47', '2022-07-06 18:05:48')
, (106, 'admin4', null, 'Donec diam neque, vestibulum eget, vulputate ut, ultrices vel, augue. Vestibulum ante ipsum primis in faucibus orci luctus et ultrices posuere cubilia Curae Donec pharetra, magna vestibulum aliquet ultrices, erat tortor sollicitudin mi, sit amet lobortis sapien sapien non mi. Integer ac neque.', 'Jacinthe', 'Arch', '2023-01-09 10:12:25', '2022-07-09 09:04:07')
, (78, 'admin2', null, 'Nullam porttitor lacus at turpis. Donec posuere metus vitae ipsum. Aliquam non mauris.', 'Josie', 'Parke', '2023-03-22 20:32:51', '2022-08-01 19:04:02')
, (102, 'admin3', null, 'Aenean fermentum. Donec ut mauris eget massa tempor convallis. Nulla neque libero, convallis eget, eleifend luctus, ultricies eu, nibh.', 'Flo', 'Rena', '2022-10-28 01:13:35', '2022-12-23 02:30:15')
, (75, 'admin3', null, 'Duis bibendum. Morbi non quam nec dui luctus rutrum. Nulla tellus.', 'Hashim', 'Karena', '2022-06-03 21:43:17', '2023-03-07 04:32:24')
, (19, 'admin1', null, 'Maecenas leo odio, condimentum id, luctus nec, molestie sed, justo. Pellentesque viverra pede ac diam. Cras pellentesque volutpat dui.', 'Althea', 'Carolina', '2023-02-13 06:38:01', '2022-06-11 11:07:43')
, (114, 'admin3', null, 'Aliquam quis turpis eget elit sodales scelerisque. Mauris sit amet eros. Suspendisse accumsan tortor quis turpis.', 'Thorndike', 'Daven', '2022-09-12 22:34:53', '2022-05-05 07:17:50')
, (64, 'admin2', null, 'Vestibulum quam sapien, varius ut, blandit non, interdum in, ante. Vestibulum ante ipsum primis in faucibus orci luctus et ultrices posuere cubilia Curae Duis faucibus accumsan odio. Curabitur convallis.', 'Paige', 'Mordy', '2022-06-21 14:13:46', '2022-04-13 11:48:03')
, (5, 'admin2', null, 'Maecenas leo odio, condimentum id, luctus nec, molestie sed, justo. Pellentesque viverra pede ac diam. Cras pellentesque volutpat dui.', 'Udale', 'Clarisse', '2023-02-11 19:32:02', '2022-07-13 08:54:36')
, (77, 'admin1', null, 'In sagittis dui vel nisl. Duis ac nibh. Fusce lacus purus, aliquet at, feugiat non, pretium quis, lectus.', 'Irv', 'Ardith', '2023-04-05 15:58:22', '2022-11-13 16:48:28')
, (107, 'admin4', null, 'Aenean lectus. Pellentesque eget nunc. Donec quis orci eget orci vehicula condimentum.', 'Niel', 'Raynell', '2022-09-20 01:05:39', '2022-09-06 02:55:49')
, (54, 'admin3', null, 'Nullam porttitor lacus at turpis. Donec posuere metus vitae ipsum. Aliquam non mauris.', 'Antonius', 'Salome', '2022-09-03 01:23:32', '2023-03-20 22:56:07')
, (54, 'admin3', null, 'Praesent blandit. Nam nulla. Integer pede justo, lacinia eget, tincidunt eget, tempus vel, pede.', 'Aaron', 'Maryrose', '2022-11-09 19:45:36', '2023-01-17 06:18:21')
, (91, 'admin4', null, 'Quisque porta volutpat erat. Quisque erat eros, viverra eget, congue eget, semper rutrum, nulla. Nunc purus.', 'Gus', 'Craggie', '2023-01-24 04:59:47', '2023-03-06 09:11:54')
, (59, 'admin5', null, 'Sed sagittis. Nam congue, risus semper porta volutpat, quam pede lobortis ligula, sit amet eleifend pede libero quis orci. Nullam molestie nibh in lectus.', 'Gunter', 'Parker', '2023-01-27 04:28:59', '2022-11-01 14:45:50')
, (103, 'admin3', null, 'Praesent id massa id nisl venenatis lacinia. Aenean sit amet justo. Morbi ut odio.', 'Adrian', 'Gerome', '2023-03-17 05:32:47', '2022-09-12 13:55:48')
, (21, 'admin1', null, 'Praesent blandit. Nam nulla. Integer pede justo, lacinia eget, tincidunt eget, tempus vel, pede.', 'Shurwood', 'Walther', '2022-06-05 14:24:47', '2022-12-15 14:04:25')
, (99, 'admin4', null, 'Proin interdum mauris non ligula pellentesque ultrices. Phasellus id sapien in sapien iaculis congue. Vivamus metus arcu, adipiscing molestie, hendrerit at, vulputate vitae, nisl.', 'Claudina', 'Brennan', '2022-06-23 00:59:38', '2022-08-11 20:27:49')
, (119, 'admin2', null, 'Vestibulum ac est lacinia nisi venenatis tristique. Fusce congue, diam id ornare imperdiet, sapien urna pretium nisl, ut volutpat sapien arcu sed augue. Aliquam erat volutpat.', 'Kirstyn', 'Jobyna', '2022-05-21 07:57:06', '2023-01-03 06:58:44')
, (14, 'admin1', null, 'Suspendisse potenti. In eleifend quam a odio. In hac habitasse platea dictumst.', 'Claybourne', 'Roddie', '2023-01-31 17:37:13', '2022-11-23 16:10:57')
, (98, 'admin3', null, 'Aenean lectus. Pellentesque eget nunc. Donec quis orci eget orci vehicula condimentum.', 'Harlene', 'Candra', '2022-05-14 13:30:58', '2023-03-09 09:39:16')
, (24, 'admin5', null, 'Cras mi pede, malesuada in, imperdiet et, commodo vulputate, justo. In blandit ultrices enim. Lorem ipsum dolor sit amet, consectetuer adipiscing elit.', 'Leonerd', 'Ester', '2023-04-08 20:32:08', '2022-06-04 22:55:59')
, (104, 'admin2', null, 'Maecenas ut massa quis augue luctus tincidunt. Nulla mollis molestie lorem. Quisque ut erat.', 'Tobey', 'Roddie', '2022-05-19 04:05:10', '2023-04-05 03:14:38')
, (86, 'admin1', null, 'Nullam porttitor lacus at turpis. Donec posuere metus vitae ipsum. Aliquam non mauris.', 'Yardley', 'Caron', '2022-09-29 08:23:12', '2022-05-08 01:52:10')
, (19, 'admin5', null, 'Maecenas leo odio, condimentum id, luctus nec, molestie sed, justo. Pellentesque viverra pede ac diam. Cras pellentesque volutpat dui.', 'Orlando', 'Marcela', '2022-08-31 20:10:20', '2022-07-07 15:00:16')
, (14, 'admin4', null, 'Proin interdum mauris non ligula pellentesque ultrices. Phasellus id sapien in sapien iaculis congue. Vivamus metus arcu, adipiscing molestie, hendrerit at, vulputate vitae, nisl.', 'Orelee', 'Janis', '2023-01-25 07:40:30', '2023-02-04 17:09:05')
, (55, 'admin3', null, 'Proin eu mi. Nulla ac enim. In tempor, turpis nec euismod scelerisque, quam turpis adipiscing lorem, vitae mattis nibh ligula nec sem.', 'Iseabal', 'Zebedee', '2023-03-28 06:58:46', '2022-07-19 09:30:31')
, (7, 'admin3', null, 'Praesent id massa id nisl venenatis lacinia. Aenean sit amet justo. Morbi ut odio.', 'Alicea', 'Lennard', '2023-04-03 20:21:42', '2022-04-19 07:04:55')
, (27, 'admin2', null, 'Aliquam quis turpis eget elit sodales scelerisque. Mauris sit amet eros. Suspendisse accumsan tortor quis turpis.', 'Arlana', 'Greer', '2023-03-09 14:10:54', '2022-10-11 13:13:53')
, (41, 'admin2', null, 'In hac habitasse platea dictumst. Morbi vestibulum, velit id pretium iaculis, diam erat fermentum justo, nec condimentum neque sapien placerat ante. Nulla justo.', 'Uriel', 'Bunnie', '2022-10-06 08:44:26', '2022-10-26 12:00:57')
, (82, 'admin5', null, 'Etiam vel augue. Vestibulum rutrum rutrum neque. Aenean auctor gravida sem.', 'Rollo', 'Jeddy', '2022-08-05 16:37:03', '2022-10-09 06:58:09')
, (89, 'admin3', null, 'Maecenas leo odio, condimentum id, luctus nec, molestie sed, justo. Pellentesque viverra pede ac diam. Cras pellentesque volutpat dui.', 'Bronnie', 'Carlos', '2022-12-31 14:54:09', '2023-03-29 03:19:08')
, (11, 'admin3', null, 'Aliquam quis turpis eget elit sodales scelerisque. Mauris sit amet eros. Suspendisse accumsan tortor quis turpis.', 'Melisenda', 'Flory', '2022-12-14 00:59:04', '2022-05-08 07:12:39')
, (88, 'admin1', null, 'Phasellus in felis. Donec semper sapien a libero. Nam dui.', 'Dorolisa', 'Ardisj', '2023-02-19 21:45:56', '2022-11-19 11:41:29')
, (38, 'admin1', null, 'Pellentesque at nulla. Suspendisse potenti. Cras in purus eu magna vulputate luctus.', 'Twyla', 'Carie', '2022-09-06 10:24:48', '2023-03-29 05:38:59')
, (90, 'admin4', null, 'Morbi porttitor lorem id ligula. Suspendisse ornare consequat lectus. In est risus, auctor sed, tristique in, tempus sit amet, sem.', 'Neilla', 'Reynolds', '2022-04-12 09:20:31', '2022-10-23 23:02:18')
, (12, 'admin3', null, 'Proin eu mi. Nulla ac enim. In tempor, turpis nec euismod scelerisque, quam turpis adipiscing lorem, vitae mattis nibh ligula nec sem.', 'Sanderson', 'Carmencita', '2023-01-04 10:02:16', '2023-03-09 18:38:14')
, (2, 'admin3', null, 'Proin eu mi. Nulla ac enim. In tempor, turpis nec euismod scelerisque, quam turpis adipiscing lorem, vitae mattis nibh ligula nec sem.', 'Lyndy', 'Blair', '2022-07-29 21:35:54', '2022-07-01 05:07:52')
, (68, 'admin3', null, 'Morbi porttitor lorem id ligula. Suspendisse ornare consequat lectus. In est risus, auctor sed, tristique in, tempus sit amet, sem.', 'Babita', 'Turner', '2022-11-17 05:41:33', '2023-03-18 03:35:14')
, (81, 'admin3', null, 'Maecenas ut massa quis augue luctus tincidunt. Nulla mollis molestie lorem. Quisque ut erat.', 'Jarrid', 'Finley', '2023-03-31 16:02:52', '2023-01-25 17:20:10')
, (80, 'admin3', null, 'Morbi porttitor lorem id ligula. Suspendisse ornare consequat lectus. In est risus, auctor sed, tristique in, tempus sit amet, sem.', 'Floria', 'Roscoe', '2022-12-09 11:35:41', '2023-02-25 00:19:16')
, (87, 'admin2', null, 'Quisque id justo sit amet sapien dignissim vestibulum. Vestibulum ante ipsum primis in faucibus orci luctus et ultrices posuere cubilia Curae Nulla dapibus dolor vel est. Donec odio justo, sollicitudin ut, suscipit a, feugiat et, eros.', 'Jeremiah', 'Brier', '2022-08-23 21:26:58', '2023-03-03 13:06:18')
, (63, 'admin1', null, 'Maecenas ut massa quis augue luctus tincidunt. Nulla mollis molestie lorem. Quisque ut erat.', 'Burl', 'Jeannette', '2022-12-01 04:33:59', '2023-01-01 09:39:37')
, (53, 'admin2', null, 'Quisque porta volutpat erat. Quisque erat eros, viverra eget, congue eget, semper rutrum, nulla. Nunc purus.', 'Nathan', 'Lowrance', '2022-06-18 04:45:58', '2022-09-15 05:00:02')
, (77, 'admin1', null, 'Aenean fermentum. Donec ut mauris eget massa tempor convallis. Nulla neque libero, convallis eget, eleifend luctus, ultricies eu, nibh.', 'Bennie', 'Lorelle', '2023-01-22 23:20:47', '2023-03-30 21:59:17')
, (58, 'admin5', null, 'In hac habitasse platea dictumst. Morbi vestibulum, velit id pretium iaculis, diam erat fermentum justo, nec condimentum neque sapien placerat ante. Nulla justo.', 'Katya', 'Jilleen', '2022-09-23 15:16:28', '2023-03-05 03:26:34')
, (80, 'admin3', null, 'Phasellus sit amet erat. Nulla tempus. Vivamus in felis eu sapien cursus vestibulum.', 'Raimundo', 'Glennie', '2022-05-10 07:13:52', '2023-02-17 09:35:13')
, (65, 'admin1', null, 'Duis aliquam convallis nunc. Proin at turpis a pede posuere nonummy. Integer non velit.', 'Zedekiah', 'Ellery', '2023-03-21 21:12:06', '2022-08-31 12:13:32')
, (84, 'admin5', null, 'Curabitur gravida nisi at nibh. In hac habitasse platea dictumst. Aliquam augue quam, sollicitudin vitae, consectetuer eget, rutrum at, lorem.', 'Thedric', 'Nessi', '2022-05-25 00:45:17', '2022-08-09 00:03:46')
, (26, 'admin3', null, 'In congue. Etiam justo. Etiam pretium iaculis justo.', 'Darcee', 'Jacintha', '2022-04-23 15:47:46', '2022-08-27 04:20:55')
, (97, 'admin5', null, 'Nam ultrices, libero non mattis pulvinar, nulla pede ullamcorper augue, a suscipit nulla elit ac nulla. Sed vel enim sit amet nunc viverra dapibus. Nulla suscipit ligula in lacus.', 'Dominica', 'Care', '2022-10-30 16:55:40', '2023-04-05 19:05:10')
, (35, 'admin2', null, 'Etiam vel augue. Vestibulum rutrum rutrum neque. Aenean auctor gravida sem.', 'Mellisa', 'Randall', '2022-06-18 01:24:47', '2022-05-19 14:57:50')
, (57, 'admin4', null, 'Lorem ipsum dolor sit amet, consectetuer adipiscing elit. Proin risus. Praesent lectus.', 'Tierney', 'Minta', '2022-04-14 03:06:28', '2022-06-17 13:00:26')
, (34, 'admin5', null, 'Vestibulum quam sapien, varius ut, blandit non, interdum in, ante. Vestibulum ante ipsum primis in faucibus orci luctus et ultrices posuere cubilia Curae Duis faucibus accumsan odio. Curabitur convallis.', 'Emmanuel', 'Marietta', '2022-06-17 01:06:48', '2023-02-08 18:17:27')
, (73, 'admin5', null, 'In hac habitasse platea dictumst. Morbi vestibulum, velit id pretium iaculis, diam erat fermentum justo, nec condimentum neque sapien placerat ante. Nulla justo.', 'Juliana', 'Dermot', '2023-02-17 15:55:12', '2022-12-23 03:34:22')
, (75, 'admin2', null, 'Curabitur at ipsum ac tellus semper interdum. Mauris ullamcorper purus sit amet nulla. Quisque arcu libero, rutrum ac, lobortis vel, dapibus at, diam.', 'Sandor', 'Daniele', '2022-05-10 16:43:03', '2023-02-06 04:44:34')
, (46, 'admin4', null, 'Mauris enim leo, rhoncus sed, vestibulum sit amet, cursus id, turpis. Integer aliquet, massa id lobortis convallis, tortor risus dapibus augue, vel accumsan tellus nisi eu orci. Mauris lacinia sapien quis libero.', 'Rhodia', 'Hyacinthie', '2022-07-10 19:47:02', '2023-01-29 16:12:19')
, (55, 'admin5', null, 'Curabitur gravida nisi at nibh. In hac habitasse platea dictumst. Aliquam augue quam, sollicitudin vitae, consectetuer eget, rutrum at, lorem.', 'Alfonso', 'Livy', '2022-07-24 19:42:04', '2023-01-02 07:04:36')
, (47, 'admin3', null, 'Nulla ut erat id mauris vulputate elementum. Nullam varius. Nulla facilisi.', 'Horten', 'Amory', '2022-05-21 09:19:46', '2022-10-30 20:26:56')
, (8, 'admin1', null, 'Suspendisse potenti. In eleifend quam a odio. In hac habitasse platea dictumst.', 'Ilario', 'Fayth', '2022-08-21 12:01:09', '2022-11-01 11:19:45')
, (107, 'admin5', null, 'Praesent blandit. Nam nulla. Integer pede justo, lacinia eget, tincidunt eget, tempus vel, pede.', 'Tedie', 'Venus', '2022-07-14 08:55:47', '2022-05-11 11:11:14')
, (10, 'admin2', null, 'Aliquam quis turpis eget elit sodales scelerisque. Mauris sit amet eros. Suspendisse accumsan tortor quis turpis.', 'Pernell', 'Clementina', '2022-11-29 11:24:42', '2022-12-11 17:48:51')
, (27, 'admin2', null, 'Nullam sit amet turpis elementum ligula vehicula consequat. Morbi a ipsum. Integer a nibh.', 'Cammie', 'Cletus', '2022-05-23 08:54:44', '2022-09-01 14:52:36')
, (30, 'admin2', null, 'Praesent id massa id nisl venenatis lacinia. Aenean sit amet justo. Morbi ut odio.', 'Wallas', 'Lebbie', '2022-11-07 17:43:02', '2022-08-27 16:58:37')
, (38, 'admin2', null, 'In hac habitasse platea dictumst. Etiam faucibus cursus urna. Ut tellus.', 'Mitzi', 'Neel', '2022-10-05 00:39:01', '2022-05-03 03:40:49')
, (56, 'admin3', null, 'Cras non velit nec nisi vulputate nonummy. Maecenas tincidunt lacus at velit. Vivamus vel nulla eget eros elementum pellentesque.', 'Koren', 'Tad', '2023-01-10 11:04:43', '2022-04-24 03:48:45')
, (84, 'admin3', null, 'Praesent id massa id nisl venenatis lacinia. Aenean sit amet justo. Morbi ut odio.', 'Foss', 'Trudie', '2022-07-18 18:16:42', '2022-09-28 00:10:59')
, (84, 'admin4', null, 'Quisque id justo sit amet sapien dignissim vestibulum. Vestibulum ante ipsum primis in faucibus orci luctus et ultrices posuere cubilia Curae Nulla dapibus dolor vel est. Donec odio justo, sollicitudin ut, suscipit a, feugiat et, eros.', 'Cally', 'Madelene', '2023-02-14 17:12:59', '2022-10-21 03:21:08')
, (62, 'admin2', null, 'In hac habitasse platea dictumst. Morbi vestibulum, velit id pretium iaculis, diam erat fermentum justo, nec condimentum neque sapien placerat ante. Nulla justo.', 'Cherie', 'Ashlin', '2023-03-21 07:40:20', '2022-06-20 06:01:03')
, (119, 'admin5', null, 'Nullam sit amet turpis elementum ligula vehicula consequat. Morbi a ipsum. Integer a nibh.', 'Rusty', 'Kenton', '2022-11-25 06:15:42', '2022-10-10 15:49:00')
, (57, 'admin3', null, 'Proin leo odio, porttitor id, consequat in, consequat ut, nulla. Sed accumsan felis. Ut at dolor quis odio consequat varius.', 'Winonah', 'Chet', '2022-10-17 10:42:15', '2022-09-14 06:44:21')
, (114, 'admin1', null, 'In sagittis dui vel nisl. Duis ac nibh. Fusce lacus purus, aliquet at, feugiat non, pretium quis, lectus.', 'Eric', 'Kleon', '2022-04-23 16:53:06', '2022-07-24 03:44:02')
, (112, 'admin3', null, 'Pellentesque at nulla. Suspendisse potenti. Cras in purus eu magna vulputate luctus.', 'Lyssa', 'Shanie', '2022-06-26 19:51:38', '2022-08-04 19:15:23')
, (50, 'admin2', null, 'Mauris enim leo, rhoncus sed, vestibulum sit amet, cursus id, turpis. Integer aliquet, massa id lobortis convallis, tortor risus dapibus augue, vel accumsan tellus nisi eu orci. Mauris lacinia sapien quis libero.', 'Tallou', 'Zahara', '2022-07-20 04:46:29', '2022-10-05 04:49:47')
, (112, 'admin5', null, 'Quisque porta volutpat erat. Quisque erat eros, viverra eget, congue eget, semper rutrum, nulla. Nunc purus.', 'Clayton', 'Elie', '2022-06-08 13:22:45', '2023-01-12 08:47:26')
, (75, 'admin1', null, 'Mauris enim leo, rhoncus sed, vestibulum sit amet, cursus id, turpis. Integer aliquet, massa id lobortis convallis, tortor risus dapibus augue, vel accumsan tellus nisi eu orci. Mauris lacinia sapien quis libero.', 'Doralyn', 'Tully', '2022-10-29 00:35:39', '2022-08-09 08:28:04')
, (13, 'admin5', null, 'Vestibulum quam sapien, varius ut, blandit non, interdum in, ante. Vestibulum ante ipsum primis in faucibus orci luctus et ultrices posuere cubilia Curae Duis faucibus accumsan odio. Curabitur convallis.', 'Vilhelmina', 'Christan', '2022-12-15 06:15:45', '2022-08-19 13:33:35')
, (81, 'admin2', null, 'Quisque porta volutpat erat. Quisque erat eros, viverra eget, congue eget, semper rutrum, nulla. Nunc purus.', 'Roslyn', 'Corny', '2022-11-09 02:36:02', '2022-11-16 03:07:24')
, (14, 'admin3', null, 'Sed sagittis. Nam congue, risus semper porta volutpat, quam pede lobortis ligula, sit amet eleifend pede libero quis orci. Nullam molestie nibh in lectus.', 'Lonny', 'Kaia', '2022-10-24 22:25:40', '2022-05-13 12:44:12')
, (91, 'admin4', null, 'Vestibulum ac est lacinia nisi venenatis tristique. Fusce congue, diam id ornare imperdiet, sapien urna pretium nisl, ut volutpat sapien arcu sed augue. Aliquam erat volutpat.', 'Washington', 'Mario', '2023-02-19 04:17:31', '2022-07-14 05:25:45')
, (24, 'admin1', null, 'Etiam vel augue. Vestibulum rutrum rutrum neque. Aenean auctor gravida sem.', 'Velma', 'Avis', '2023-03-13 13:53:43', '2022-12-03 10:51:28')
, (52, 'admin2', null, 'Nullam porttitor lacus at turpis. Donec posuere metus vitae ipsum. Aliquam non mauris.', 'Claudina', 'Nydia', '2022-11-23 05:35:46', '2022-07-04 07:33:40')
, (74, 'admin5', null, 'Quisque porta volutpat erat. Quisque erat eros, viverra eget, congue eget, semper rutrum, nulla. Nunc purus.', 'Craig', 'Augustina', '2022-06-27 01:55:34', '2023-02-01 18:24:30')
, (55, 'admin1', null, 'Praesent id massa id nisl venenatis lacinia. Aenean sit amet justo. Morbi ut odio.', 'Ab', 'Dania', '2022-10-06 13:50:23', '2022-04-16 19:16:06')
, (34, 'admin3', null, 'Cras mi pede, malesuada in, imperdiet et, commodo vulputate, justo. In blandit ultrices enim. Lorem ipsum dolor sit amet, consectetuer adipiscing elit.', 'Ado', 'Savina', '2022-05-01 10:59:16', '2023-02-13 14:20:32')
, (118, 'admin2', null, 'Fusce consequat. Nulla nisl. Nunc nisl.', 'Annabel', 'Jacquie', '2022-08-10 00:07:47', '2022-08-18 21:57:48')
, (77, 'admin3', null, 'Pellentesque at nulla. Suspendisse potenti. Cras in purus eu magna vulputate luctus.', 'Adelind', 'Gretchen', '2022-09-05 11:32:05', '2022-07-28 20:19:40')
, (41, 'admin2', null, 'Nullam porttitor lacus at turpis. Donec posuere metus vitae ipsum. Aliquam non mauris.', 'Bria', 'Irita', '2023-03-15 11:26:34', '2022-10-22 13:51:42')
, (7, 'admin4', null, 'In quis justo. Maecenas rhoncus aliquam lacus. Morbi quis tortor id nulla ultrices aliquet.', 'Madelina', 'Pauli', '2022-08-29 03:52:01', '2022-12-21 10:51:17')
, (46, 'admin3', null, 'Nam ultrices, libero non mattis pulvinar, nulla pede ullamcorper augue, a suscipit nulla elit ac nulla. Sed vel enim sit amet nunc viverra dapibus. Nulla suscipit ligula in lacus.', 'Agustin', 'Alva', '2022-11-19 23:06:28', '2023-03-22 07:25:41')
, (102, 'admin5', null, 'Duis bibendum. Morbi non quam nec dui luctus rutrum. Nulla tellus.', 'Fawne', 'Electra', '2022-04-28 07:55:47', '2022-05-02 20:47:28')
, (86, 'admin3', null, 'Etiam vel augue. Vestibulum rutrum rutrum neque. Aenean auctor gravida sem.', 'Jenny', 'Charin', '2022-12-06 20:45:11', '2023-01-28 16:55:34')
, (110, 'admin5', null, 'Vestibulum ac est lacinia nisi venenatis tristique. Fusce congue, diam id ornare imperdiet, sapien urna pretium nisl, ut volutpat sapien arcu sed augue. Aliquam erat volutpat.', 'Zaria', 'Claudina', '2022-07-15 07:34:49', '2022-12-18 11:52:24')
, (60, 'admin1', null, 'Aenean lectus. Pellentesque eget nunc. Donec quis orci eget orci vehicula condimentum.', 'Chrissy', 'Ilse', '2023-02-10 12:27:44', '2022-07-28 22:46:39')
, (11, 'admin1', null, 'In hac habitasse platea dictumst. Morbi vestibulum, velit id pretium iaculis, diam erat fermentum justo, nec condimentum neque sapien placerat ante. Nulla justo.', 'Jed', 'Jennine', '2022-05-26 04:16:39', '2023-03-23 07:04:32')
, (26, 'admin1', null, 'Phasellus in felis. Donec semper sapien a libero. Nam dui.', 'Leigh', 'Norine', '2023-04-08 06:47:44', '2022-12-22 01:23:25')
, (83, 'admin5', null, 'Aenean lectus. Pellentesque eget nunc. Donec quis orci eget orci vehicula condimentum.', 'Ludwig', 'Legra', '2022-06-16 06:02:08', '2022-07-19 16:00:25')
, (58, 'admin4', null, 'Fusce posuere felis sed lacus. Morbi sem mauris, laoreet ut, rhoncus aliquet, pulvinar sed, nisl. Nunc rhoncus dui vel sem.', 'Chrysler', 'Nevsa', '2022-06-30 11:25:56', '2023-02-10 19:12:26')
, (90, 'admin3', null, 'Duis bibendum. Morbi non quam nec dui luctus rutrum. Nulla tellus.', 'Kittie', 'Chelsie', '2023-01-05 18:16:43', '2022-10-19 01:15:27')
, (69, 'admin5', null, 'Maecenas ut massa quis augue luctus tincidunt. Nulla mollis molestie lorem. Quisque ut erat.', 'Evonne', 'Benita', '2023-01-03 14:21:09', '2022-07-31 06:11:40')
, (35, 'admin1', null, 'Curabitur in libero ut massa volutpat convallis. Morbi odio odio, elementum eu, interdum eu, tincidunt in, leo. Maecenas pulvinar lobortis est.', 'Raimondo', 'Cristine', '2022-07-25 09:35:25', '2022-06-23 23:47:49')
, (107, 'admin5', null, 'Maecenas tristique, est et tempus semper, est quam pharetra magna, ac consequat metus sapien ut nunc. Vestibulum ante ipsum primis in faucibus orci luctus et ultrices posuere cubilia Curae Mauris viverra diam vitae quam. Suspendisse potenti.', 'Thornie', 'Elianora', '2023-03-18 13:27:46', '2022-11-30 09:36:15')
, (54, 'admin2', null, 'In sagittis dui vel nisl. Duis ac nibh. Fusce lacus purus, aliquet at, feugiat non, pretium quis, lectus.', 'Kaile', 'Mady', '2022-06-12 05:10:54', '2022-04-24 08:01:05')
, (72, 'admin1', null, 'Praesent id massa id nisl venenatis lacinia. Aenean sit amet justo. Morbi ut odio.', 'Archie', 'Korrie', '2022-11-24 05:16:11', '2022-09-27 09:07:42')
, (20, 'admin4', null, 'Maecenas leo odio, condimentum id, luctus nec, molestie sed, justo. Pellentesque viverra pede ac diam. Cras pellentesque volutpat dui.', 'Livy', 'Cacilia', '2022-09-20 15:44:58', '2022-05-24 18:56:31')
, (69, 'admin5', null, 'Duis aliquam convallis nunc. Proin at turpis a pede posuere nonummy. Integer non velit.', 'Conrad', 'Carleen', '2023-04-02 20:58:52', '2023-03-20 11:02:43')
, (55, 'admin2', null, 'Nullam porttitor lacus at turpis. Donec posuere metus vitae ipsum. Aliquam non mauris.', 'Dolorita', 'Bevin', '2022-07-15 07:57:57', '2022-10-15 17:01:46')
, (34, 'admin1', null, 'Curabitur at ipsum ac tellus semper interdum. Mauris ullamcorper purus sit amet nulla. Quisque arcu libero, rutrum ac, lobortis vel, dapibus at, diam.', 'Florry', 'Taffy', '2022-10-20 05:17:28', '2022-04-12 04:31:07')
, (22, 'admin4', null, 'Sed ante. Vivamus tortor. Duis mattis egestas metus.', 'Christiano', 'Benjamen', '2022-05-04 06:55:23', '2022-04-20 01:27:30')
, (110, 'admin4', null, 'Duis aliquam convallis nunc. Proin at turpis a pede posuere nonummy. Integer non velit.', 'Cecily', 'Alva', '2022-06-11 05:04:05', '2022-10-12 01:51:14')
, (57, 'admin5', null, 'Nullam porttitor lacus at turpis. Donec posuere metus vitae ipsum. Aliquam non mauris.', 'Ravi', 'Osborne', '2022-05-11 10:41:55', '2022-09-28 16:25:58')
, (75, 'admin2', null, 'In sagittis dui vel nisl. Duis ac nibh. Fusce lacus purus, aliquet at, feugiat non, pretium quis, lectus.', 'Jorge', 'Milly', '2022-07-15 19:03:53', '2022-12-06 18:11:07')
, (16, 'admin1', null, 'Nam ultrices, libero non mattis pulvinar, nulla pede ullamcorper augue, a suscipit nulla elit ac nulla. Sed vel enim sit amet nunc viverra dapibus. Nulla suscipit ligula in lacus.', 'Traci', 'Elayne', '2023-01-03 12:43:15', '2022-07-19 02:48:37')
, (52, 'admin3', null, 'Aliquam quis turpis eget elit sodales scelerisque. Mauris sit amet eros. Suspendisse accumsan tortor quis turpis.', 'Bruce', 'Ulrike', '2023-02-25 15:58:51', '2022-09-01 11:34:28')
, (121, 'admin3', null, 'Nullam porttitor lacus at turpis. Donec posuere metus vitae ipsum. Aliquam non mauris.', 'Daron', 'Marrissa', '2022-07-14 01:14:33', '2022-11-18 10:51:35')
, (16, 'admin2', null, 'Proin eu mi. Nulla ac enim. In tempor, turpis nec euismod scelerisque, quam turpis adipiscing lorem, vitae mattis nibh ligula nec sem.', 'Lawrence', 'Thadeus', '2022-08-26 19:45:01', '2022-12-29 00:23:42')
, (123, 'admin1', null, 'Phasellus in felis. Donec semper sapien a libero. Nam dui.', 'Bobbe', 'Tova', '2022-06-02 10:27:51', '2022-12-22 18:12:44')
, (64, 'admin2', null, 'Curabitur at ipsum ac tellus semper interdum. Mauris ullamcorper purus sit amet nulla. Quisque arcu libero, rutrum ac, lobortis vel, dapibus at, diam.', 'Alon', 'Orton', '2022-10-29 15:44:29', '2023-04-05 05:15:54')
, (12, 'admin4', null, 'Etiam vel augue. Vestibulum rutrum rutrum neque. Aenean auctor gravida sem.', 'Jaime', 'Garfield', '2022-05-24 19:38:37', '2023-02-14 10:00:14')
, (18, 'admin3', null, 'Morbi porttitor lorem id ligula. Suspendisse ornare consequat lectus. In est risus, auctor sed, tristique in, tempus sit amet, sem.', 'Murry', 'Rock', '2022-10-21 00:06:06', '2022-04-29 12:20:34')
, (96, 'admin2', null, 'Curabitur at ipsum ac tellus semper interdum. Mauris ullamcorper purus sit amet nulla. Quisque arcu libero, rutrum ac, lobortis vel, dapibus at, diam.', 'Billie', 'Danie', '2023-01-04 00:01:28', '2022-08-27 09:30:39')
, (113, 'admin1', null, 'Duis aliquam convallis nunc. Proin at turpis a pede posuere nonummy. Integer non velit.', 'Leoine', 'Nicolais', '2022-04-23 07:52:05', '2022-08-13 03:46:04')
, (1, 'admin1', null, 'In hac habitasse platea dictumst. Etiam faucibus cursus urna. Ut tellus.', 'Clywd', 'Christy', '2022-12-30 04:50:23', '2023-01-30 04:55:56')
, (46, 'admin2', null, 'Nulla ut erat id mauris vulputate elementum. Nullam varius. Nulla facilisi.', 'Deeanne', 'Cassandra', '2023-01-10 15:38:40', '2022-08-08 22:02:09')
, (103, 'admin5', null, 'Sed ante. Vivamus tortor. Duis mattis egestas metus.', 'Rori', 'Aguie', '2022-04-10 11:38:35', '2022-10-24 07:24:48')
, (38, 'admin2', null, 'Cum sociis natoque penatibus et magnis dis parturient montes, nascetur ridiculus mus. Vivamus vestibulum sagittis sapien. Cum sociis natoque penatibus et magnis dis parturient montes, nascetur ridiculus mus.', 'Melva', 'Madeline', '2022-04-16 06:38:13', '2022-04-16 21:57:33')
, (117, 'admin2', null, 'Integer tincidunt ante vel ipsum. Praesent blandit lacinia erat. Vestibulum sed magna at nunc commodo placerat.', 'Athene', 'Christabella', '2023-01-23 19:32:45', '2022-05-18 06:48:42')
, (91, 'admin1', null, 'In sagittis dui vel nisl. Duis ac nibh. Fusce lacus purus, aliquet at, feugiat non, pretium quis, lectus.', 'Joanie', 'Daniella', '2023-02-18 11:36:03', '2023-03-21 12:07:01')
, (13, 'admin4', null, 'Morbi porttitor lorem id ligula. Suspendisse ornare consequat lectus. In est risus, auctor sed, tristique in, tempus sit amet, sem.', 'Tori', 'Max', '2023-01-25 06:15:25', '2023-02-22 17:53:24')
, (117, 'admin3', null, 'Duis consequat dui nec nisi volutpat eleifend. Donec ut dolor. Morbi vel lectus in quam fringilla rhoncus.', 'Niles', 'Addy', '2023-01-10 08:13:39', '2023-02-03 07:08:04')
, (20, 'admin5', null, 'Phasellus in felis. Donec semper sapien a libero. Nam dui.', 'Terrance', 'Janice', '2022-07-04 11:49:45', '2022-10-07 01:24:36')
, (70, 'admin2', null, 'Maecenas tristique, est et tempus semper, est quam pharetra magna, ac consequat metus sapien ut nunc. Vestibulum ante ipsum primis in faucibus orci luctus et ultrices posuere cubilia Curae Mauris viverra diam vitae quam. Suspendisse potenti.', 'Merry', 'Heddi', '2022-05-08 17:58:44', '2022-11-14 22:04:42')
, (23, 'admin1', null, 'Suspendisse potenti. In eleifend quam a odio. In hac habitasse platea dictumst.', 'Dannel', 'Armand', '2022-09-03 20:38:55', '2022-05-23 10:56:30')
, (21, 'admin2', null, 'Integer tincidunt ante vel ipsum. Praesent blandit lacinia erat. Vestibulum sed magna at nunc commodo placerat.', 'Francine', 'Avrom', '2022-11-19 17:49:34', '2022-10-24 09:17:32')
, (114, 'admin1', null, 'Maecenas ut massa quis augue luctus tincidunt. Nulla mollis molestie lorem. Quisque ut erat.', 'Brannon', 'Ardys', '2022-06-11 06:51:13', '2022-08-10 18:15:48')
, (5, 'admin4', null, 'Nulla ut erat id mauris vulputate elementum. Nullam varius. Nulla facilisi.', 'Arlie', 'Eolande', '2023-02-22 03:44:16', '2022-11-02 10:30:21')
, (59, 'admin2', null, 'Morbi non lectus. Aliquam sit amet diam in magna bibendum imperdiet. Nullam orci pede, venenatis non, sodales sed, tincidunt eu, felis.', 'Enid', 'Ashlee', '2022-08-08 21:04:18', '2022-12-26 23:02:53')
, (12, 'admin4', null, 'Duis aliquam convallis nunc. Proin at turpis a pede posuere nonummy. Integer non velit.', 'Dukey', 'Elianora', '2022-08-05 15:51:03', '2023-03-23 17:58:25')
, (55, 'admin2', null, 'Curabitur gravida nisi at nibh. In hac habitasse platea dictumst. Aliquam augue quam, sollicitudin vitae, consectetuer eget, rutrum at, lorem.', 'Kayley', 'Ev', '2023-03-09 19:41:26', '2023-03-17 23:22:03')
, (98, 'admin1', null, 'Vestibulum ac est lacinia nisi venenatis tristique. Fusce congue, diam id ornare imperdiet, sapien urna pretium nisl, ut volutpat sapien arcu sed augue. Aliquam erat volutpat.', 'Cesare', 'Daryl', '2022-06-03 12:21:55', '2022-09-10 15:41:19')
, (47, 'admin5', null, 'Curabitur in libero ut massa volutpat convallis. Morbi odio odio, elementum eu, interdum eu, tincidunt in, leo. Maecenas pulvinar lobortis est.', 'Niko', 'Elisabeth', '2022-04-22 11:16:36', '2022-08-09 09:55:12')
, (94, 'admin2', null, 'Lorem ipsum dolor sit amet, consectetuer adipiscing elit. Proin risus. Praesent lectus.', 'Rob', 'Germaine', '2022-08-14 06:08:50', '2022-08-21 05:30:00')
, (78, 'admin1', null, 'Aenean lectus. Pellentesque eget nunc. Donec quis orci eget orci vehicula condimentum.', 'Royal', 'Aprilette', '2022-09-12 04:57:03', '2023-01-24 12:35:01')
, (32, 'admin5', null, 'Lorem ipsum dolor sit amet, consectetuer adipiscing elit. Proin risus. Praesent lectus.', 'Annis', 'Imelda', '2022-06-08 06:28:26', '2022-09-01 14:45:25')
, (57, 'admin5', null, 'Mauris enim leo, rhoncus sed, vestibulum sit amet, cursus id, turpis. Integer aliquet, massa id lobortis convallis, tortor risus dapibus augue, vel accumsan tellus nisi eu orci. Mauris lacinia sapien quis libero.', 'Ezri', 'Zollie', '2022-07-09 19:24:16', '2022-05-15 21:24:09')
, (48, 'admin4', null, 'Duis aliquam convallis nunc. Proin at turpis a pede posuere nonummy. Integer non velit.', 'Elsy', 'Hurlee', '2023-02-01 09:20:17', '2022-07-20 13:59:00')
, (13, 'admin3', null, 'Curabitur in libero ut massa volutpat convallis. Morbi odio odio, elementum eu, interdum eu, tincidunt in, leo. Maecenas pulvinar lobortis est.', 'Kippy', 'Thea', '2022-10-06 22:58:42', '2023-02-17 07:15:54')
, (90, 'admin3', null, 'Mauris enim leo, rhoncus sed, vestibulum sit amet, cursus id, turpis. Integer aliquet, massa id lobortis convallis, tortor risus dapibus augue, vel accumsan tellus nisi eu orci. Mauris lacinia sapien quis libero.', 'Loralie', 'Joete', '2023-03-25 21:40:34', '2022-06-28 06:47:45')
, (92, 'admin3', null, 'Phasellus in felis. Donec semper sapien a libero. Nam dui.', 'Sindee', 'Verla', '2022-07-13 19:31:16', '2022-11-20 01:17:33')
, (96, 'admin4', null, 'In quis justo. Maecenas rhoncus aliquam lacus. Morbi quis tortor id nulla ultrices aliquet.', 'Benedick', 'Rina', '2022-05-02 16:34:15', '2022-05-28 17:43:03')
, (62, 'admin4', null, 'In hac habitasse platea dictumst. Morbi vestibulum, velit id pretium iaculis, diam erat fermentum justo, nec condimentum neque sapien placerat ante. Nulla justo.', 'Brittni', 'Alisun', '2023-04-01 09:44:13', '2022-12-30 08:01:50')
, (28, 'admin1', null, 'Fusce consequat. Nulla nisl. Nunc nisl.', 'Vikki', 'Darice', '2022-08-30 00:17:54', '2022-12-27 19:17:32')
, (112, 'admin2', null, 'Fusce consequat. Nulla nisl. Nunc nisl.', 'Odette', 'Chaunce', '2023-03-04 18:26:33', '2022-10-08 23:29:49')
, (36, 'admin4', null, 'Cras non velit nec nisi vulputate nonummy. Maecenas tincidunt lacus at velit. Vivamus vel nulla eget eros elementum pellentesque.', 'Sutton', 'Justus', '2023-01-09 02:14:56', '2022-05-24 21:19:44')
, (63, 'admin1', null, 'Maecenas leo odio, condimentum id, luctus nec, molestie sed, justo. Pellentesque viverra pede ac diam. Cras pellentesque volutpat dui.', 'Anica', 'Dyanne', '2023-02-22 13:32:29', '2022-08-19 21:44:57')
, (105, 'admin2', null, 'Aliquam quis turpis eget elit sodales scelerisque. Mauris sit amet eros. Suspendisse accumsan tortor quis turpis.', 'Willis', 'Amble', '2022-05-28 10:30:19', '2023-02-14 08:16:45')
, (52, 'admin3', null, 'Phasellus in felis. Donec semper sapien a libero. Nam dui.', 'Skelly', 'Lucretia', '2022-12-01 16:09:35', '2022-10-31 04:54:47')
, (65, 'admin4', null, 'Integer tincidunt ante vel ipsum. Praesent blandit lacinia erat. Vestibulum sed magna at nunc commodo placerat.', 'Chrysler', 'Morissa', '2022-04-22 06:23:23', '2022-10-07 20:41:14')
, (81, 'admin3', null, 'Vestibulum ac est lacinia nisi venenatis tristique. Fusce congue, diam id ornare imperdiet, sapien urna pretium nisl, ut volutpat sapien arcu sed augue. Aliquam erat volutpat.', 'Chloris', 'Becka', '2022-11-07 08:15:48', '2022-06-20 08:10:04')
, (41, 'admin3', null, 'Nullam porttitor lacus at turpis. Donec posuere metus vitae ipsum. Aliquam non mauris.', 'Ashien', 'Ulrike', '2023-04-07 13:02:16', '2022-07-26 20:57:57')
, (17, 'admin1', null, 'Nullam sit amet turpis elementum ligula vehicula consequat. Morbi a ipsum. Integer a nibh.', 'Hannis', 'Melitta', '2023-01-10 23:09:59', '2022-08-31 10:00:15')
, (40, 'admin5', null, 'Nullam sit amet turpis elementum ligula vehicula consequat. Morbi a ipsum. Integer a nibh.', 'Giorgi', 'Emmye', '2022-09-28 22:52:14', '2022-05-19 01:23:53')
, (76, 'admin5', null, 'Quisque porta volutpat erat. Quisque erat eros, viverra eget, congue eget, semper rutrum, nulla. Nunc purus.', 'Abba', 'Nessie', '2022-08-04 02:52:11', '2022-05-22 01:22:51')
, (56, 'admin3', null, 'In sagittis dui vel nisl. Duis ac nibh. Fusce lacus purus, aliquet at, feugiat non, pretium quis, lectus.', 'Charyl', 'Archer', '2022-08-26 17:57:14', '2022-09-07 13:44:24')
, (105, 'admin2', null, 'Maecenas leo odio, condimentum id, luctus nec, molestie sed, justo. Pellentesque viverra pede ac diam. Cras pellentesque volutpat dui.', 'Dionis', 'Moore', '2023-04-09 17:48:34', '2023-03-10 13:18:19')
, (100, 'admin4', null, 'Curabitur gravida nisi at nibh. In hac habitasse platea dictumst. Aliquam augue quam, sollicitudin vitae, consectetuer eget, rutrum at, lorem.', 'Zared', 'Adolphus', '2022-10-09 09:29:44', '2023-04-02 22:11:25')
, (114, 'admin1', null, 'Proin leo odio, porttitor id, consequat in, consequat ut, nulla. Sed accumsan felis. Ut at dolor quis odio consequat varius.', 'Felizio', 'Norri', '2023-01-31 20:04:34', '2023-02-23 02:38:22')
, (122, 'admin1', null, 'Proin leo odio, porttitor id, consequat in, consequat ut, nulla. Sed accumsan felis. Ut at dolor quis odio consequat varius.', 'Aurelie', 'Edie', '2022-06-28 10:13:06', '2022-09-28 15:07:54')
, (40, 'admin2', null, 'Duis consequat dui nec nisi volutpat eleifend. Donec ut dolor. Morbi vel lectus in quam fringilla rhoncus.', 'Mufi', 'Donnamarie', '2022-11-06 09:14:18', '2022-12-09 07:31:19')
, (2, 'admin2', null, 'Sed ante. Vivamus tortor. Duis mattis egestas metus.', 'Eamon', 'Jackelyn', '2023-02-11 02:24:20', '2022-04-27 22:06:44')
, (72, 'admin1', null, 'Nullam sit amet turpis elementum ligula vehicula consequat. Morbi a ipsum. Integer a nibh.', 'Adriana', 'Purcell', '2022-12-25 06:56:48', '2022-11-27 01:52:16')
, (120, 'admin5', null, 'Fusce posuere felis sed lacus. Morbi sem mauris, laoreet ut, rhoncus aliquet, pulvinar sed, nisl. Nunc rhoncus dui vel sem.', 'Sunny', 'Barnaby', '2022-06-18 15:10:03', '2022-09-25 02:17:20')
, (30, 'admin4', null, 'Maecenas leo odio, condimentum id, luctus nec, molestie sed, justo. Pellentesque viverra pede ac diam. Cras pellentesque volutpat dui.', 'Gretna', 'Teena', '2022-04-23 07:53:47', '2023-01-14 01:34:59')
, (36, 'admin3', null, 'Duis bibendum. Morbi non quam nec dui luctus rutrum. Nulla tellus.', 'Jeffie', 'Tarra', '2022-11-17 06:52:54', '2022-11-01 14:10:42')
, (51, 'admin1', null, 'Fusce posuere felis sed lacus. Morbi sem mauris, laoreet ut, rhoncus aliquet, pulvinar sed, nisl. Nunc rhoncus dui vel sem.', 'Teddie', 'Caty', '2023-01-27 18:17:35', '2022-05-24 18:34:36')
, (89, 'admin4', null, 'Vestibulum ac est lacinia nisi venenatis tristique. Fusce congue, diam id ornare imperdiet, sapien urna pretium nisl, ut volutpat sapien arcu sed augue. Aliquam erat volutpat.', 'Aundrea', 'Tonye', '2022-04-17 04:03:57', '2022-05-22 04:37:05')
, (92, 'admin1', null, 'In quis justo. Maecenas rhoncus aliquam lacus. Morbi quis tortor id nulla ultrices aliquet.', 'Ree', 'Redford', '2022-06-22 20:56:08', '2022-09-05 21:17:01')
, (8, 'admin3', null, 'In hac habitasse platea dictumst. Etiam faucibus cursus urna. Ut tellus.', 'Rodolphe', 'Nathanil', '2023-03-19 14:39:29', '2022-08-31 20:14:09')
, (2, 'admin1', null, 'Praesent blandit. Nam nulla. Integer pede justo, lacinia eget, tincidunt eget, tempus vel, pede.', 'Devy', 'Selle', '2022-11-05 17:58:54', '2022-12-21 09:23:05')
, (120, 'admin5', null, 'Duis aliquam convallis nunc. Proin at turpis a pede posuere nonummy. Integer non velit.', 'Jacki', 'Willard', '2022-09-24 03:13:54', '2023-03-03 12:58:31')
, (84, 'admin1', null, 'Nullam sit amet turpis elementum ligula vehicula consequat. Morbi a ipsum. Integer a nibh.', 'Ruthie', 'Tabitha', '2022-10-16 01:32:06', '2022-12-01 02:13:10')
, (43, 'admin2', null, 'Curabitur at ipsum ac tellus semper interdum. Mauris ullamcorper purus sit amet nulla. Quisque arcu libero, rutrum ac, lobortis vel, dapibus at, diam.', 'Barny', 'Brigham', '2022-06-30 13:41:44', '2023-01-24 19:15:49')
, (33, 'admin1', null, 'Curabitur at ipsum ac tellus semper interdum. Mauris ullamcorper purus sit amet nulla. Quisque arcu libero, rutrum ac, lobortis vel, dapibus at, diam.', 'Cornall', 'Mickie', '2022-09-17 04:07:38', '2022-05-07 12:43:01')
, (91, 'admin3', null, 'Maecenas leo odio, condimentum id, luctus nec, molestie sed, justo. Pellentesque viverra pede ac diam. Cras pellentesque volutpat dui.', 'Heath', 'Bernhard', '2022-05-03 08:58:02', '2022-10-25 15:51:38')
, (71, 'admin2', null, 'Phasellus sit amet erat. Nulla tempus. Vivamus in felis eu sapien cursus vestibulum.', 'Mellisa', 'Rebbecca', '2022-09-11 13:13:36', '2022-06-05 03:07:12')
, (86, 'admin1', null, 'In quis justo. Maecenas rhoncus aliquam lacus. Morbi quis tortor id nulla ultrices aliquet.', 'Thor', 'Tessi', '2023-02-10 14:21:52', '2022-04-15 08:35:15')
, (63, 'admin2', null, 'Suspendisse potenti. In eleifend quam a odio. In hac habitasse platea dictumst.', 'Mahmud', 'Karly', '2022-11-17 06:38:31', '2022-11-06 13:20:33')
, (111, 'admin5', null, 'In sagittis dui vel nisl. Duis ac nibh. Fusce lacus purus, aliquet at, feugiat non, pretium quis, lectus.', 'Mendel', 'Gualterio', '2022-04-30 15:53:01', '2022-06-11 23:58:40')
, (21, 'admin4', null, 'Phasellus in felis. Donec semper sapien a libero. Nam dui.', 'Kali', 'Jessey', '2023-03-31 03:34:24', '2022-06-02 18:52:05')
, (111, 'admin3', null, 'Curabitur at ipsum ac tellus semper interdum. Mauris ullamcorper purus sit amet nulla. Quisque arcu libero, rutrum ac, lobortis vel, dapibus at, diam.', 'Emanuel', 'Elmo', '2022-08-30 21:37:48', '2022-10-24 03:30:08')
, (107, 'admin5', null, 'Duis consequat dui nec nisi volutpat eleifend. Donec ut dolor. Morbi vel lectus in quam fringilla rhoncus.', 'Kaile', 'Gearalt', '2023-02-17 07:38:31', '2022-10-01 09:38:19')
, (39, 'admin3', null, 'Nullam sit amet turpis elementum ligula vehicula consequat. Morbi a ipsum. Integer a nibh.', 'Aylmar', 'Lanni', '2023-01-16 12:26:23', '2022-10-16 15:00:23')
, (28, 'admin5', null, 'Duis bibendum. Morbi non quam nec dui luctus rutrum. Nulla tellus.', 'Lambert', 'Silvain', '2022-10-09 16:55:58', '2022-05-28 07:07:58')
, (41, 'admin3', null, 'Curabitur in libero ut massa volutpat convallis. Morbi odio odio, elementum eu, interdum eu, tincidunt in, leo. Maecenas pulvinar lobortis est.', 'Elmer', 'Merrick', '2023-01-20 04:53:10', '2023-03-08 11:51:05')
, (33, 'admin3', null, 'Curabitur gravida nisi at nibh. In hac habitasse platea dictumst. Aliquam augue quam, sollicitudin vitae, consectetuer eget, rutrum at, lorem.', 'Glenine', 'Kacey', '2023-03-01 04:03:10', '2022-10-01 18:08:46')
, (7, 'admin5', null, 'Integer tincidunt ante vel ipsum. Praesent blandit lacinia erat. Vestibulum sed magna at nunc commodo placerat.', 'Akim', 'Mannie', '2022-08-25 13:13:44', '2022-09-15 08:59:35')
, (71, 'admin1', null, 'Cum sociis natoque penatibus et magnis dis parturient montes, nascetur ridiculus mus. Vivamus vestibulum sagittis sapien. Cum sociis natoque penatibus et magnis dis parturient montes, nascetur ridiculus mus.', 'Batholomew', 'Claude', '2022-11-18 15:57:57', '2022-11-08 18:24:24')
, (57, 'admin2', null, 'Vestibulum quam sapien, varius ut, blandit non, interdum in, ante. Vestibulum ante ipsum primis in faucibus orci luctus et ultrices posuere cubilia Curae Duis faucibus accumsan odio. Curabitur convallis.', 'Randene', 'Zaneta', '2022-07-14 19:50:17', '2022-11-25 05:29:49')
, (72, 'admin5', null, 'Praesent id massa id nisl venenatis lacinia. Aenean sit amet justo. Morbi ut odio.', 'Wake', 'Stanislaus', '2022-04-30 05:05:07', '2022-06-06 21:58:40')
, (119, 'admin4', null, 'Quisque id justo sit amet sapien dignissim vestibulum. Vestibulum ante ipsum primis in faucibus orci luctus et ultrices posuere cubilia Curae Nulla dapibus dolor vel est. Donec odio justo, sollicitudin ut, suscipit a, feugiat et, eros.', 'Aggie', 'Reider', '2022-05-16 08:00:59', '2022-06-08 13:56:12')
, (30, 'admin1', null, 'Maecenas ut massa quis augue luctus tincidunt. Nulla mollis molestie lorem. Quisque ut erat.', 'Ranique', 'Loralie', '2022-12-30 23:24:46', '2022-12-02 04:22:03')
, (26, 'admin5', null, 'Vestibulum ac est lacinia nisi venenatis tristique. Fusce congue, diam id ornare imperdiet, sapien urna pretium nisl, ut volutpat sapien arcu sed augue. Aliquam erat volutpat.', 'Lazar', 'Audry', '2022-11-21 06:42:33', '2023-01-18 20:20:54')
, (30, 'admin5', null, 'Maecenas tristique, est et tempus semper, est quam pharetra magna, ac consequat metus sapien ut nunc. Vestibulum ante ipsum primis in faucibus orci luctus et ultrices posuere cubilia Curae Mauris viverra diam vitae quam. Suspendisse potenti.', 'Joyce', 'Bibbye', '2023-01-27 19:37:12', '2023-01-24 03:44:40')
, (75, 'admin5', null, 'Cras non velit nec nisi vulputate nonummy. Maecenas tincidunt lacus at velit. Vivamus vel nulla eget eros elementum pellentesque.', 'Quint', 'Westleigh', '2022-07-14 22:44:55', '2022-12-02 20:18:29')
, (12, 'admin3', null, 'Aliquam quis turpis eget elit sodales scelerisque. Mauris sit amet eros. Suspendisse accumsan tortor quis turpis.', 'Bartlett', 'Aarika', '2022-06-10 19:42:30', '2023-02-23 19:45:35')
, (73, 'admin4', null, 'Proin eu mi. Nulla ac enim. In tempor, turpis nec euismod scelerisque, quam turpis adipiscing lorem, vitae mattis nibh ligula nec sem.', 'Bren', 'Franzen', '2023-02-28 01:14:19', '2022-04-25 10:53:57')
, (7, 'admin4', null, 'Maecenas leo odio, condimentum id, luctus nec, molestie sed, justo. Pellentesque viverra pede ac diam. Cras pellentesque volutpat dui.', 'Jerrylee', 'Lucilia', '2023-02-09 14:21:29', '2022-12-08 02:04:04')
, (98, 'admin3', null, 'Vestibulum quam sapien, varius ut, blandit non, interdum in, ante. Vestibulum ante ipsum primis in faucibus orci luctus et ultrices posuere cubilia Curae Duis faucibus accumsan odio. Curabitur convallis.', 'Claudio', 'Cosette', '2022-09-12 19:22:27', '2022-05-17 07:47:30')
, (84, 'admin3', null, 'In hac habitasse platea dictumst. Etiam faucibus cursus urna. Ut tellus.', 'Consuela', 'Ellyn', '2023-01-05 16:30:20', '2022-05-16 07:30:48')
, (25, 'admin3', null, 'Vestibulum quam sapien, varius ut, blandit non, interdum in, ante. Vestibulum ante ipsum primis in faucibus orci luctus et ultrices posuere cubilia Curae Duis faucibus accumsan odio. Curabitur convallis.', 'Toma', 'Edgard', '2022-07-09 01:17:43', '2022-11-24 14:57:57')
, (52, 'admin1', null, 'Aenean lectus. Pellentesque eget nunc. Donec quis orci eget orci vehicula condimentum.', 'Alisun', 'Guss', '2022-05-31 22:27:02', '2022-06-07 00:25:30')
, (87, 'admin5', null, 'Etiam vel augue. Vestibulum rutrum rutrum neque. Aenean auctor gravida sem.', 'Jaquelin', 'Dirk', '2022-06-30 17:01:21', '2022-07-23 01:52:48')
, (44, 'admin3', null, 'Phasellus in felis. Donec semper sapien a libero. Nam dui.', 'Cesaro', 'Opaline', '2022-08-17 08:09:05', '2022-10-05 19:46:28')
, (32, 'admin4', null, 'Proin interdum mauris non ligula pellentesque ultrices. Phasellus id sapien in sapien iaculis congue. Vivamus metus arcu, adipiscing molestie, hendrerit at, vulputate vitae, nisl.', 'Whittaker', 'Lissie', '2022-11-10 20:25:16', '2022-09-07 20:06:48')
, (91, 'admin2', null, 'Morbi non lectus. Aliquam sit amet diam in magna bibendum imperdiet. Nullam orci pede, venenatis non, sodales sed, tincidunt eu, felis.', 'Clevie', 'Marshal', '2022-09-07 14:55:54', '2022-06-25 07:06:12')
, (44, 'admin5', null, 'Morbi non lectus. Aliquam sit amet diam in magna bibendum imperdiet. Nullam orci pede, venenatis non, sodales sed, tincidunt eu, felis.', 'Brianne', 'Micheal', '2022-07-04 23:37:31', '2022-04-17 21:59:48')
, (3, 'admin1', null, 'Phasellus in felis. Donec semper sapien a libero. Nam dui.', 'Fraze', 'Dana', '2022-06-07 08:05:35', '2023-03-24 10:12:39')
, (98, 'admin4', null, 'Maecenas ut massa quis augue luctus tincidunt. Nulla mollis molestie lorem. Quisque ut erat.', 'Thayne', 'Nonnah', '2022-06-18 02:44:03', '2022-04-27 13:15:46')
, (7, 'admin5', null, 'Pellentesque at nulla. Suspendisse potenti. Cras in purus eu magna vulputate luctus.', 'Kassey', 'Thorin', '2022-09-17 08:12:35', '2022-09-23 11:06:08')
, (67, 'admin2', null, 'In quis justo. Maecenas rhoncus aliquam lacus. Morbi quis tortor id nulla ultrices aliquet.', 'Nerti', 'Mannie', '2022-09-20 13:40:06', '2022-04-29 21:25:43')
, (90, 'admin4', null, 'Proin interdum mauris non ligula pellentesque ultrices. Phasellus id sapien in sapien iaculis congue. Vivamus metus arcu, adipiscing molestie, hendrerit at, vulputate vitae, nisl.', 'Cal', 'Kacey', '2023-01-09 13:18:05', '2022-06-28 19:37:13')
, (3, 'admin4', null, 'Duis bibendum, felis sed interdum venenatis, turpis enim blandit mi, in porttitor pede justo eu massa. Donec dapibus. Duis at velit eu est congue elementum.', 'Anderson', 'Giles', '2022-04-30 10:30:06', '2023-03-03 17:59:46')
, (26, 'admin2', null, 'Praesent blandit. Nam nulla. Integer pede justo, lacinia eget, tincidunt eget, tempus vel, pede.', 'Angelo', 'Sandro', '2022-08-23 01:03:42', '2022-08-13 13:43:33')
, (85, 'admin5', null, 'Lorem ipsum dolor sit amet, consectetuer adipiscing elit. Proin risus. Praesent lectus.', 'Dillie', 'Domini', '2022-06-05 20:37:40', '2023-02-15 22:11:52')
, (11, 'admin1', null, 'Duis consequat dui nec nisi volutpat eleifend. Donec ut dolor. Morbi vel lectus in quam fringilla rhoncus.', 'Janina', 'Martie', '2022-06-15 19:47:49', '2023-03-04 19:29:35')
, (112, 'admin1', null, 'Curabitur at ipsum ac tellus semper interdum. Mauris ullamcorper purus sit amet nulla. Quisque arcu libero, rutrum ac, lobortis vel, dapibus at, diam.', 'Errick', 'Janenna', '2023-01-09 16:28:02', '2022-05-14 10:48:56')
, (16, 'admin1', null, 'In sagittis dui vel nisl. Duis ac nibh. Fusce lacus purus, aliquet at, feugiat non, pretium quis, lectus.', 'Josiah', 'Graeme', '2022-12-24 12:00:42', '2022-06-08 19:34:44')
, (2, 'admin2', null, 'Sed sagittis. Nam congue, risus semper porta volutpat, quam pede lobortis ligula, sit amet eleifend pede libero quis orci. Nullam molestie nibh in lectus.', 'Otho', 'Ericka', '2023-01-21 21:38:14', '2023-02-02 03:06:04')
, (95, 'admin4', null, 'Suspendisse potenti. In eleifend quam a odio. In hac habitasse platea dictumst.', 'Vincenz', 'Eleonore', '2022-11-22 14:10:57', '2023-03-23 15:06:36')
, (97, 'admin3', null, 'Etiam vel augue. Vestibulum rutrum rutrum neque. Aenean auctor gravida sem.', 'Violet', 'Ayn', '2022-04-17 23:07:39', '2022-12-25 09:34:38')
, (87, 'admin2', null, 'Duis aliquam convallis nunc. Proin at turpis a pede posuere nonummy. Integer non velit.', 'Elvyn', 'Beryle', '2022-11-19 12:24:59', '2022-06-17 00:27:38')
, (23, 'admin5', null, 'Fusce posuere felis sed lacus. Morbi sem mauris, laoreet ut, rhoncus aliquet, pulvinar sed, nisl. Nunc rhoncus dui vel sem.', 'Janela', 'Obed', '2022-07-15 03:56:14', '2022-09-28 09:28:18')
, (61, 'admin4', null, 'In congue. Etiam justo. Etiam pretium iaculis justo.', 'Lorelle', 'Malissia', '2022-08-20 06:43:17', '2023-02-23 11:24:52')
, (80, 'admin2', null, 'Pellentesque at nulla. Suspendisse potenti. Cras in purus eu magna vulputate luctus.', 'Leonerd', 'Damian', '2023-01-28 02:45:55', '2022-07-02 09:42:18')
, (77, 'admin3', null, 'Duis bibendum. Morbi non quam nec dui luctus rutrum. Nulla tellus.', 'Hedi', 'Athena', '2022-12-29 02:01:36', '2022-07-22 10:55:50')
, (95, 'admin4', null, 'Aenean fermentum. Donec ut mauris eget massa tempor convallis. Nulla neque libero, convallis eget, eleifend luctus, ultricies eu, nibh.', 'Doroteya', 'Husain', '2022-05-09 19:17:10', '2022-08-21 17:28:38')
, (81, 'admin4', null, 'Quisque porta volutpat erat. Quisque erat eros, viverra eget, congue eget, semper rutrum, nulla. Nunc purus.', 'Bob', 'Armand', '2022-05-22 13:28:37', '2023-04-06 09:38:10')
, (14, 'admin2', null, 'Quisque porta volutpat erat. Quisque erat eros, viverra eget, congue eget, semper rutrum, nulla. Nunc purus.', 'Shanda', 'Aldridge', '2023-01-16 19:11:00', '2023-01-05 21:11:49')
, (12, 'admin1', null, 'Donec diam neque, vestibulum eget, vulputate ut, ultrices vel, augue. Vestibulum ante ipsum primis in faucibus orci luctus et ultrices posuere cubilia Curae Donec pharetra, magna vestibulum aliquet ultrices, erat tortor sollicitudin mi, sit amet lobortis sapien sapien non mi. Integer ac neque.', 'Roxi', 'Lazaro', '2022-04-20 07:10:40', '2022-08-30 16:08:13')
, (53, 'admin1', null, 'In congue. Etiam justo. Etiam pretium iaculis justo.', 'Danice', 'Rhetta', '2022-09-28 22:56:52', '2022-07-04 09:45:31')
, (48, 'admin3', null, 'Fusce consequat. Nulla nisl. Nunc nisl.', 'Webb', 'Suzy', '2023-01-19 04:25:39', '2023-03-27 08:34:39')
, (71, 'admin1', null, 'Nulla ut erat id mauris vulputate elementum. Nullam varius. Nulla facilisi.', 'Elihu', 'Niles', '2022-11-05 11:36:49', '2022-07-04 03:57:14')
, (38, 'admin4', null, 'Donec diam neque, vestibulum eget, vulputate ut, ultrices vel, augue. Vestibulum ante ipsum primis in faucibus orci luctus et ultrices posuere cubilia Curae Donec pharetra, magna vestibulum aliquet ultrices, erat tortor sollicitudin mi, sit amet lobortis sapien sapien non mi. Integer ac neque.', 'Giusto', 'Jarret', '2023-01-04 23:59:05', '2022-05-05 13:42:43')
, (22, 'admin4', null, 'In congue. Etiam justo. Etiam pretium iaculis justo.', 'Jackquelin', 'Barbaraanne', '2022-07-09 02:27:17', '2023-03-05 02:12:18')
, (45, 'admin2', null, 'Nullam porttitor lacus at turpis. Donec posuere metus vitae ipsum. Aliquam non mauris.', 'Tedi', 'Emile', '2022-06-27 15:08:02', '2022-05-01 04:10:37')
, (112, 'admin2', null, 'Sed ante. Vivamus tortor. Duis mattis egestas metus.', 'Nedi', 'Julius', '2023-01-24 14:22:01', '2023-01-30 20:07:49')
, (122, 'admin3', null, 'In hac habitasse platea dictumst. Morbi vestibulum, velit id pretium iaculis, diam erat fermentum justo, nec condimentum neque sapien placerat ante. Nulla justo.', 'Katuscha', 'Rina', '2022-06-24 13:10:30', '2023-03-21 18:16:14')
, (102, 'admin2', null, 'Fusce posuere felis sed lacus. Morbi sem mauris, laoreet ut, rhoncus aliquet, pulvinar sed, nisl. Nunc rhoncus dui vel sem.', 'Filide', 'Lou', '2022-12-01 11:32:41', '2023-01-08 10:58:57')
, (72, 'admin1', null, 'In congue. Etiam justo. Etiam pretium iaculis justo.', 'Abbe', 'Temple', '2023-03-01 03:59:52', '2022-12-20 19:05:59')
, (75, 'admin5', null, 'Etiam vel augue. Vestibulum rutrum rutrum neque. Aenean auctor gravida sem.', 'Joeann', 'Ivory', '2022-04-27 08:16:18', '2022-06-01 03:18:24')
, (105, 'admin3', null, 'Fusce consequat. Nulla nisl. Nunc nisl.', 'Malinda', 'Claudetta', '2023-01-27 12:55:08', '2022-05-16 21:58:42')
, (56, 'admin3', null, 'Praesent blandit. Nam nulla. Integer pede justo, lacinia eget, tincidunt eget, tempus vel, pede.', 'Annamarie', 'Chadwick', '2022-08-16 16:34:05', '2022-12-01 23:29:06')
, (21, 'admin3', null, 'Maecenas leo odio, condimentum id, luctus nec, molestie sed, justo. Pellentesque viverra pede ac diam. Cras pellentesque volutpat dui.', 'Demetris', 'Hadrian', '2023-02-04 20:49:24', '2022-05-03 18:46:01')
, (49, 'admin5', null, 'In sagittis dui vel nisl. Duis ac nibh. Fusce lacus purus, aliquet at, feugiat non, pretium quis, lectus.', 'Shane', 'Marcia', '2022-05-02 22:35:37', '2023-01-30 22:01:21')
, (81, 'admin2', null, 'Duis bibendum. Morbi non quam nec dui luctus rutrum. Nulla tellus.', 'Willow', 'Carl', '2022-09-27 09:09:09', '2022-07-19 22:46:35')
, (66, 'admin1', null, 'Praesent blandit. Nam nulla. Integer pede justo, lacinia eget, tincidunt eget, tempus vel, pede.', 'Imogen', 'Sheffield', '2022-07-09 19:45:35', '2023-01-15 07:40:06')
, (113, 'admin3', null, 'Cum sociis natoque penatibus et magnis dis parturient montes, nascetur ridiculus mus. Vivamus vestibulum sagittis sapien. Cum sociis natoque penatibus et magnis dis parturient montes, nascetur ridiculus mus.', 'Isa', 'Lotti', '2022-11-20 09:52:05', '2022-07-30 12:57:32')
, (67, 'admin1', null, 'Integer tincidunt ante vel ipsum. Praesent blandit lacinia erat. Vestibulum sed magna at nunc commodo placerat.', 'Jedd', 'Pooh', '2023-02-08 16:06:06', '2023-02-25 13:26:37')
, (95, 'admin2', null, 'Nullam sit amet turpis elementum ligula vehicula consequat. Morbi a ipsum. Integer a nibh.', 'Mae', 'Ruprecht', '2022-05-12 12:59:46', '2023-02-20 23:32:37')
, (119, 'admin2', null, 'Duis bibendum, felis sed interdum venenatis, turpis enim blandit mi, in porttitor pede justo eu massa. Donec dapibus. Duis at velit eu est congue elementum.', 'Niki', 'Phylys', '2022-07-31 22:45:47', '2022-05-25 19:33:29')
, (30, 'admin2', null, 'Pellentesque at nulla. Suspendisse potenti. Cras in purus eu magna vulputate luctus.', 'Al', 'Jaimie', '2022-05-22 15:34:08', '2022-12-14 23:04:38')
, (122, 'admin1', null, 'Quisque id justo sit amet sapien dignissim vestibulum. Vestibulum ante ipsum primis in faucibus orci luctus et ultrices posuere cubilia Curae Nulla dapibus dolor vel est. Donec odio justo, sollicitudin ut, suscipit a, feugiat et, eros.', 'Chelsey', 'Easter', '2022-05-08 20:40:27', '2022-05-05 19:00:02')
, (60, 'admin4', null, 'Fusce consequat. Nulla nisl. Nunc nisl.', 'Wolfy', 'Sascha', '2022-09-09 17:53:47', '2022-05-19 00:13:23')
, (17, 'admin2', null, 'Integer ac leo. Pellentesque ultrices mattis odio. Donec vitae nisi.', 'Francis', 'Austina', '2022-04-26 15:29:15', '2023-04-07 06:10:35')
, (85, 'admin5', null, 'Donec diam neque, vestibulum eget, vulputate ut, ultrices vel, augue. Vestibulum ante ipsum primis in faucibus orci luctus et ultrices posuere cubilia Curae Donec pharetra, magna vestibulum aliquet ultrices, erat tortor sollicitudin mi, sit amet lobortis sapien sapien non mi. Integer ac neque.', 'Jeramey', 'Allison', '2023-03-01 05:09:16', '2022-11-11 15:52:04')
, (49, 'admin3', null, 'Maecenas tristique, est et tempus semper, est quam pharetra magna, ac consequat metus sapien ut nunc. Vestibulum ante ipsum primis in faucibus orci luctus et ultrices posuere cubilia Curae Mauris viverra diam vitae quam. Suspendisse potenti.', 'Clare', 'Kit', '2022-05-10 09:59:59', '2023-02-26 12:08:07')
, (86, 'admin2', null, 'Curabitur in libero ut massa volutpat convallis. Morbi odio odio, elementum eu, interdum eu, tincidunt in, leo. Maecenas pulvinar lobortis est.', 'Calida', 'Georgy', '2022-09-08 20:00:03', '2022-10-03 18:24:37')
, (119, 'admin3', null, 'Proin eu mi. Nulla ac enim. In tempor, turpis nec euismod scelerisque, quam turpis adipiscing lorem, vitae mattis nibh ligula nec sem.', 'Janessa', 'Joy', '2022-08-25 00:29:03', '2022-08-01 13:40:50')
, (16, 'admin2', null, 'Proin leo odio, porttitor id, consequat in, consequat ut, nulla. Sed accumsan felis. Ut at dolor quis odio consequat varius.', 'Moss', 'Spencer', '2023-03-14 10:08:01', '2023-04-01 00:09:59')
, (31, 'admin1', null, 'Proin eu mi. Nulla ac enim. In tempor, turpis nec euismod scelerisque, quam turpis adipiscing lorem, vitae mattis nibh ligula nec sem.', 'Gisella', 'Melissa', '2022-10-06 14:36:11', '2023-02-20 14:26:10')
, (78, 'admin5', null, 'Proin interdum mauris non ligula pellentesque ultrices. Phasellus id sapien in sapien iaculis congue. Vivamus metus arcu, adipiscing molestie, hendrerit at, vulputate vitae, nisl.', 'Zacharia', 'Wat', '2022-12-06 00:39:44', '2022-08-31 11:44:30')
, (10, 'admin2', null, 'Vestibulum ac est lacinia nisi venenatis tristique. Fusce congue, diam id ornare imperdiet, sapien urna pretium nisl, ut volutpat sapien arcu sed augue. Aliquam erat volutpat.', 'Teddie', 'Katrinka', '2022-12-28 13:06:25', '2022-10-27 04:14:20')
, (105, 'admin2', null, 'Maecenas leo odio, condimentum id, luctus nec, molestie sed, justo. Pellentesque viverra pede ac diam. Cras pellentesque volutpat dui.', 'Base', 'Alonzo', '2022-10-07 18:52:44', '2022-11-20 15:22:05')
, (79, 'admin3', null, 'Duis aliquam convallis nunc. Proin at turpis a pede posuere nonummy. Integer non velit.', 'Suzanne', 'Jerrie', '2022-05-20 07:41:43', '2022-09-03 08:07:50')
, (107, 'admin2', null, 'Cras non velit nec nisi vulputate nonummy. Maecenas tincidunt lacus at velit. Vivamus vel nulla eget eros elementum pellentesque.', 'Hermina', 'Tracee', '2023-02-07 12:40:48', '2022-09-22 18:11:19')
, (100, 'admin4', null, 'Maecenas ut massa quis augue luctus tincidunt. Nulla mollis molestie lorem. Quisque ut erat.', 'Mareah', 'Myrtle', '2023-03-03 20:50:53', '2022-07-18 23:18:35')
, (44, 'admin1', null, 'Cras mi pede, malesuada in, imperdiet et, commodo vulputate, justo. In blandit ultrices enim. Lorem ipsum dolor sit amet, consectetuer adipiscing elit.', 'Horton', 'Kial', '2022-11-08 09:07:13', '2022-10-26 04:14:40')
, (104, 'admin2', null, 'Vestibulum quam sapien, varius ut, blandit non, interdum in, ante. Vestibulum ante ipsum primis in faucibus orci luctus et ultrices posuere cubilia Curae Duis faucibus accumsan odio. Curabitur convallis.', 'Malchy', 'Riobard', '2022-11-08 12:20:53', '2022-05-18 15:26:32')
, (82, 'admin3', null, 'Curabitur in libero ut massa volutpat convallis. Morbi odio odio, elementum eu, interdum eu, tincidunt in, leo. Maecenas pulvinar lobortis est.', 'Sarina', 'Pet', '2022-09-23 22:32:51', '2023-01-02 03:39:21')
, (8, 'admin2', null, 'Proin leo odio, porttitor id, consequat in, consequat ut, nulla. Sed accumsan felis. Ut at dolor quis odio consequat varius.', 'Zacherie', 'Avril', '2022-11-14 22:04:40', '2022-05-28 05:57:04')
, (9, 'admin4', null, 'Curabitur in libero ut massa volutpat convallis. Morbi odio odio, elementum eu, interdum eu, tincidunt in, leo. Maecenas pulvinar lobortis est.', 'Tiffany', 'Rubia', '2022-08-21 18:34:35', '2022-07-26 06:49:10')
, (83, 'admin1', null, 'Lorem ipsum dolor sit amet, consectetuer adipiscing elit. Proin risus. Praesent lectus.', 'De witt', 'Ludvig', '2022-07-16 14:02:15', '2023-02-23 22:14:49')
, (15, 'admin1', null, 'Integer ac leo. Pellentesque ultrices mattis odio. Donec vitae nisi.', 'Kalli', 'Max', '2022-12-23 17:08:34', '2023-02-04 13:40:46')
, (99, 'admin5', null, 'Nam ultrices, libero non mattis pulvinar, nulla pede ullamcorper augue, a suscipit nulla elit ac nulla. Sed vel enim sit amet nunc viverra dapibus. Nulla suscipit ligula in lacus.', 'Algernon', 'Gideon', '2022-12-18 18:45:22', '2022-09-06 09:54:57')
, (109, 'admin3', null, 'Morbi porttitor lorem id ligula. Suspendisse ornare consequat lectus. In est risus, auctor sed, tristique in, tempus sit amet, sem.', 'Selina', 'Mathian', '2023-04-09 01:06:32', '2022-04-17 10:05:35')
, (107, 'admin2', null, 'Nam ultrices, libero non mattis pulvinar, nulla pede ullamcorper augue, a suscipit nulla elit ac nulla. Sed vel enim sit amet nunc viverra dapibus. Nulla suscipit ligula in lacus.', 'Roxana', 'Gilli', '2022-11-29 17:48:43', '2022-05-28 11:26:12')
, (86, 'admin5', null, 'Aenean lectus. Pellentesque eget nunc. Donec quis orci eget orci vehicula condimentum.', 'Adelina', 'Euell', '2023-03-28 10:15:53', '2022-12-30 14:32:52')
, (87, 'admin2', null, 'Nulla ut erat id mauris vulputate elementum. Nullam varius. Nulla facilisi.', 'Stanly', 'Amitie', '2022-09-02 01:51:04', '2022-08-22 16:22:02')
, (23, 'admin4', null, 'Morbi porttitor lorem id ligula. Suspendisse ornare consequat lectus. In est risus, auctor sed, tristique in, tempus sit amet, sem.', 'Tybi', 'Debbi', '2023-02-12 18:56:27', '2022-04-15 11:29:27')
, (12, 'admin1', null, 'Praesent blandit. Nam nulla. Integer pede justo, lacinia eget, tincidunt eget, tempus vel, pede.', 'Brendan', 'Garik', '2022-08-05 15:47:42', '2022-09-07 12:51:18')
, (42, 'admin3', null, 'Fusce consequat. Nulla nisl. Nunc nisl.', 'Skylar', 'Astrix', '2022-08-21 00:07:09', '2022-08-02 02:06:29')
, (88, 'admin4', null, 'Fusce consequat. Nulla nisl. Nunc nisl.', 'Brew', 'Sandy', '2022-10-03 04:01:39', '2022-04-10 05:30:23')
, (35, 'admin3', null, 'Proin eu mi. Nulla ac enim. In tempor, turpis nec euismod scelerisque, quam turpis adipiscing lorem, vitae mattis nibh ligula nec sem.', 'Bron', 'Theresina', '2023-02-06 16:26:32', '2022-12-17 05:07:57')
, (58, 'admin5', null, 'Fusce consequat. Nulla nisl. Nunc nisl.', 'Raviv', 'Fonzie', '2022-06-04 15:11:24', '2022-06-23 10:22:54')
, (97, 'admin1', null, 'Integer ac leo. Pellentesque ultrices mattis odio. Donec vitae nisi.', 'Jaquenette', 'Sarajane', '2022-10-15 13:20:44', '2022-09-01 09:31:04')
, (66, 'admin4', null, 'Integer tincidunt ante vel ipsum. Praesent blandit lacinia erat. Vestibulum sed magna at nunc commodo placerat.', 'Davis', 'Rosene', '2022-12-18 09:15:31', '2022-12-14 07:53:50')
, (19, 'admin5', null, 'Nullam sit amet turpis elementum ligula vehicula consequat. Morbi a ipsum. Integer a nibh.', 'Shay', 'Kennedy', '2022-06-07 00:56:12', '2023-02-16 03:56:12')
, (29, 'admin3', null, 'Proin leo odio, porttitor id, consequat in, consequat ut, nulla. Sed accumsan felis. Ut at dolor quis odio consequat varius.', 'Ashlin', 'Pamella', '2023-03-04 10:31:08', '2022-12-06 08:49:45')
, (63, 'admin4', null, 'Sed ante. Vivamus tortor. Duis mattis egestas metus.', 'Lindsey', 'Barney', '2022-10-19 13:46:22', '2022-11-14 09:35:35')
, (73, 'admin5', null, 'Nullam sit amet turpis elementum ligula vehicula consequat. Morbi a ipsum. Integer a nibh.', 'Lanny', 'Bill', '2022-12-16 07:11:43', '2022-05-21 23:25:31')
, (16, 'admin3', null, 'Aenean lectus. Pellentesque eget nunc. Donec quis orci eget orci vehicula condimentum.', 'Kessiah', 'Lucien', '2022-08-29 03:16:16', '2023-04-06 17:09:13')
, (4, 'admin2', null, 'Aenean lectus. Pellentesque eget nunc. Donec quis orci eget orci vehicula condimentum.', 'Gaylord', 'Gwyn', '2022-05-23 05:09:49', '2022-10-13 04:28:09')
, (107, 'admin3', null, 'Morbi porttitor lorem id ligula. Suspendisse ornare consequat lectus. In est risus, auctor sed, tristique in, tempus sit amet, sem.', 'Findley', 'Dory', '2023-03-31 12:12:29', '2022-07-11 12:56:46')
, (77, 'admin5', null, 'Fusce posuere felis sed lacus. Morbi sem mauris, laoreet ut, rhoncus aliquet, pulvinar sed, nisl. Nunc rhoncus dui vel sem.', 'Annemarie', 'Clovis', '2022-11-29 04:54:31', '2022-10-03 17:08:16')
, (24, 'admin4', null, 'Cum sociis natoque penatibus et magnis dis parturient montes, nascetur ridiculus mus. Vivamus vestibulum sagittis sapien. Cum sociis natoque penatibus et magnis dis parturient montes, nascetur ridiculus mus.', 'Lucretia', 'Charleen', '2023-03-22 11:13:29', '2022-04-20 13:57:29')
, (56, 'admin4', null, 'Phasellus sit amet erat. Nulla tempus. Vivamus in felis eu sapien cursus vestibulum.', 'Willard', 'Brook', '2022-08-12 20:44:45', '2022-12-11 01:32:43')
, (50, 'admin4', null, 'Morbi porttitor lorem id ligula. Suspendisse ornare consequat lectus. In est risus, auctor sed, tristique in, tempus sit amet, sem.', 'Arliene', 'Kristopher', '2023-03-17 21:01:47', '2022-07-14 13:45:22')
, (112, 'admin3', null, 'Proin leo odio, porttitor id, consequat in, consequat ut, nulla. Sed accumsan felis. Ut at dolor quis odio consequat varius.', 'Flory', 'Banky', '2022-08-22 14:35:42', '2022-07-16 21:25:57')
, (78, 'admin2', null, 'Proin interdum mauris non ligula pellentesque ultrices. Phasellus id sapien in sapien iaculis congue. Vivamus metus arcu, adipiscing molestie, hendrerit at, vulputate vitae, nisl.', 'Kippie', 'Fawnia', '2022-05-27 14:19:06', '2022-05-19 04:42:48')
, (62, 'admin2', null, 'Praesent blandit. Nam nulla. Integer pede justo, lacinia eget, tincidunt eget, tempus vel, pede.', 'Alphonse', 'Sherm', '2023-01-22 08:05:45', '2022-08-01 10:36:26')
, (19, 'admin5', null, 'Vestibulum quam sapien, varius ut, blandit non, interdum in, ante. Vestibulum ante ipsum primis in faucibus orci luctus et ultrices posuere cubilia Curae Duis faucibus accumsan odio. Curabitur convallis.', 'Kata', 'Mariquilla', '2022-12-15 22:56:27', '2022-04-21 07:41:07')
, (43, 'admin4', null, 'Vestibulum ac est lacinia nisi venenatis tristique. Fusce congue, diam id ornare imperdiet, sapien urna pretium nisl, ut volutpat sapien arcu sed augue. Aliquam erat volutpat.', 'Melisandra', 'Melisent', '2022-05-30 14:17:55', '2023-03-26 02:54:59')
, (86, 'admin2', null, 'Aliquam quis turpis eget elit sodales scelerisque. Mauris sit amet eros. Suspendisse accumsan tortor quis turpis.', 'Antonie', 'Matilda', '2022-07-26 04:36:23', '2022-05-26 19:28:55')
, (22, 'admin3', null, 'Praesent blandit. Nam nulla. Integer pede justo, lacinia eget, tincidunt eget, tempus vel, pede.', 'Augie', 'Jaquenetta', '2022-07-01 23:48:37', '2023-01-19 17:05:34')
, (69, 'admin1', null, 'In sagittis dui vel nisl. Duis ac nibh. Fusce lacus purus, aliquet at, feugiat non, pretium quis, lectus.', 'Quent', 'Tiena', '2023-03-29 06:53:46', '2022-07-10 07:05:07')
, (63, 'admin2', null, 'Curabitur in libero ut massa volutpat convallis. Morbi odio odio, elementum eu, interdum eu, tincidunt in, leo. Maecenas pulvinar lobortis est.', 'Lib', 'Constancy', '2022-05-28 01:14:13', '2023-04-07 21:52:30')
, (117, 'admin5', null, 'Aenean lectus. Pellentesque eget nunc. Donec quis orci eget orci vehicula condimentum.', 'Bernardina', 'Eal', '2022-09-23 18:16:37', '2022-07-30 02:53:18')
, (40, 'admin5', null, 'Praesent id massa id nisl venenatis lacinia. Aenean sit amet justo. Morbi ut odio.', 'Sydelle', 'Jobey', '2023-01-06 01:42:51', '2023-01-19 08:28:46')
, (73, 'admin5', null, 'Curabitur gravida nisi at nibh. In hac habitasse platea dictumst. Aliquam augue quam, sollicitudin vitae, consectetuer eget, rutrum at, lorem.', 'Mora', 'Leta', '2022-04-18 18:26:26', '2022-05-27 08:52:43')
, (35, 'admin2', null, 'Cras mi pede, malesuada in, imperdiet et, commodo vulputate, justo. In blandit ultrices enim. Lorem ipsum dolor sit amet, consectetuer adipiscing elit.', 'Wilma', 'Brynna', '2022-08-18 18:02:27', '2023-01-30 20:10:55')
, (41, 'admin3', null, 'Donec diam neque, vestibulum eget, vulputate ut, ultrices vel, augue. Vestibulum ante ipsum primis in faucibus orci luctus et ultrices posuere cubilia Curae Donec pharetra, magna vestibulum aliquet ultrices, erat tortor sollicitudin mi, sit amet lobortis sapien sapien non mi. Integer ac neque.', 'Cori', 'Lucien', '2022-08-14 08:45:27', '2022-07-19 15:42:50')
, (106, 'admin5', null, 'Proin eu mi. Nulla ac enim. In tempor, turpis nec euismod scelerisque, quam turpis adipiscing lorem, vitae mattis nibh ligula nec sem.', 'Zola', 'Mitchael', '2023-04-07 12:33:22', '2022-05-09 03:42:36')
, (4, 'admin3', null, 'Sed sagittis. Nam congue, risus semper porta volutpat, quam pede lobortis ligula, sit amet eleifend pede libero quis orci. Nullam molestie nibh in lectus.', 'Marty', 'Goran', '2022-08-31 20:05:25', '2022-10-18 16:14:13')
, (86, 'admin3', null, 'Integer ac leo. Pellentesque ultrices mattis odio. Donec vitae nisi.', 'Bab', 'Lucie', '2022-12-07 17:23:18', '2022-12-22 01:54:34')
, (3, 'admin3', null, 'Integer tincidunt ante vel ipsum. Praesent blandit lacinia erat. Vestibulum sed magna at nunc commodo placerat.', 'Moises', 'Scotti', '2022-11-30 06:45:38', '2022-07-10 06:22:03')
, (88, 'admin2', null, 'Cras non velit nec nisi vulputate nonummy. Maecenas tincidunt lacus at velit. Vivamus vel nulla eget eros elementum pellentesque.', 'Amble', 'Bonni', '2022-12-26 12:43:53', '2022-11-27 13:48:06')
, (90, 'admin1', null, 'Sed sagittis. Nam congue, risus semper porta volutpat, quam pede lobortis ligula, sit amet eleifend pede libero quis orci. Nullam molestie nibh in lectus.', 'Carrie', 'Babb', '2023-01-21 23:27:51', '2022-11-16 01:33:34')
, (85, 'admin1', null, 'Proin leo odio, porttitor id, consequat in, consequat ut, nulla. Sed accumsan felis. Ut at dolor quis odio consequat varius.', 'Timothea', 'Bell', '2022-06-26 08:46:28', '2022-09-10 11:46:32')
, (85, 'admin5', null, 'Integer ac leo. Pellentesque ultrices mattis odio. Donec vitae nisi.', 'Eugenius', 'Berton', '2023-01-05 09:19:32', '2023-02-16 04:42:34')
, (101, 'admin2', null, 'Cum sociis natoque penatibus et magnis dis parturient montes, nascetur ridiculus mus. Vivamus vestibulum sagittis sapien. Cum sociis natoque penatibus et magnis dis parturient montes, nascetur ridiculus mus.', 'Padriac', 'Thomasa', '2022-09-29 07:01:51', '2022-12-10 04:41:31')
, (33, 'admin3', null, 'Curabitur in libero ut massa volutpat convallis. Morbi odio odio, elementum eu, interdum eu, tincidunt in, leo. Maecenas pulvinar lobortis est.', 'Lorain', 'Neala', '2022-11-01 20:33:12', '2023-02-14 07:12:23')
, (73, 'admin2', null, 'Nullam sit amet turpis elementum ligula vehicula consequat. Morbi a ipsum. Integer a nibh.', 'Mair', 'Ruby', '2023-02-07 02:00:01', '2022-10-12 10:00:03')
, (18, 'admin5', null, 'Cras non velit nec nisi vulputate nonummy. Maecenas tincidunt lacus at velit. Vivamus vel nulla eget eros elementum pellentesque.', 'Vonni', 'Mozes', '2022-04-30 19:49:12', '2022-08-24 18:34:03')
, (26, 'admin2', null, 'Vestibulum ac est lacinia nisi venenatis tristique. Fusce congue, diam id ornare imperdiet, sapien urna pretium nisl, ut volutpat sapien arcu sed augue. Aliquam erat volutpat.', 'Ailene', 'Farrand', '2022-11-17 23:15:43', '2022-09-24 17:30:30')
, (88, 'admin4', null, 'Cum sociis natoque penatibus et magnis dis parturient montes, nascetur ridiculus mus. Vivamus vestibulum sagittis sapien. Cum sociis natoque penatibus et magnis dis parturient montes, nascetur ridiculus mus.', 'Max', 'Mareah', '2023-03-13 03:50:59', '2023-01-21 15:04:02')
, (14, 'admin1', null, 'Proin interdum mauris non ligula pellentesque ultrices. Phasellus id sapien in sapien iaculis congue. Vivamus metus arcu, adipiscing molestie, hendrerit at, vulputate vitae, nisl.', 'Rafferty', 'Austina', '2022-07-31 01:49:39', '2022-05-21 19:22:07')
, (37, 'admin1', null, 'Duis aliquam convallis nunc. Proin at turpis a pede posuere nonummy. Integer non velit.', 'Anna', 'Floyd', '2023-03-04 18:31:37', '2022-12-09 08:37:19')
, (45, 'admin2', null, 'Quisque porta volutpat erat. Quisque erat eros, viverra eget, congue eget, semper rutrum, nulla. Nunc purus.', 'Werner', 'Zak', '2022-07-26 13:16:41', '2022-05-30 15:21:36')
, (89, 'admin1', null, 'Sed ante. Vivamus tortor. Duis mattis egestas metus.', 'Alano', 'Eziechiele', '2022-07-13 07:07:40', '2022-11-10 19:51:36')
, (27, 'admin1', null, 'Curabitur at ipsum ac tellus semper interdum. Mauris ullamcorper purus sit amet nulla. Quisque arcu libero, rutrum ac, lobortis vel, dapibus at, diam.', 'Gualterio', 'Spense', '2022-07-18 05:33:59', '2022-04-10 01:30:54')
, (5, 'admin4', null, 'Quisque porta volutpat erat. Quisque erat eros, viverra eget, congue eget, semper rutrum, nulla. Nunc purus.', 'Armstrong', 'Lillis', '2022-12-01 13:02:36', '2022-05-08 10:22:47')
, (21, 'admin5', null, 'Aenean lectus. Pellentesque eget nunc. Donec quis orci eget orci vehicula condimentum.', 'Salomo', 'Mollee', '2022-08-29 13:25:12', '2022-05-07 10:37:51')
, (44, 'admin4', null, 'Mauris enim leo, rhoncus sed, vestibulum sit amet, cursus id, turpis. Integer aliquet, massa id lobortis convallis, tortor risus dapibus augue, vel accumsan tellus nisi eu orci. Mauris lacinia sapien quis libero.', 'Renie', 'Mile', '2022-10-19 04:44:17', '2022-12-13 17:36:43')
, (118, 'admin5', null, 'Maecenas leo odio, condimentum id, luctus nec, molestie sed, justo. Pellentesque viverra pede ac diam. Cras pellentesque volutpat dui.', 'Nikki', 'Fay', '2023-03-09 02:45:48', '2023-04-04 17:01:38')
, (116, 'admin2', null, 'Fusce posuere felis sed lacus. Morbi sem mauris, laoreet ut, rhoncus aliquet, pulvinar sed, nisl. Nunc rhoncus dui vel sem.', 'Kelvin', 'Gradey', '2023-01-12 00:53:58', '2022-05-06 15:45:03')
, (51, 'admin2', null, 'Vestibulum quam sapien, varius ut, blandit non, interdum in, ante. Vestibulum ante ipsum primis in faucibus orci luctus et ultrices posuere cubilia Curae Duis faucibus accumsan odio. Curabitur convallis.', 'Nicol', 'Carlita', '2022-10-06 13:24:35', '2022-11-05 01:58:15')
, (74, 'admin4', null, 'Cum sociis natoque penatibus et magnis dis parturient montes, nascetur ridiculus mus. Vivamus vestibulum sagittis sapien. Cum sociis natoque penatibus et magnis dis parturient montes, nascetur ridiculus mus.', 'Kati', 'Tate', '2022-08-27 04:28:20', '2022-04-16 23:25:39')
, (94, 'admin1', null, 'Integer tincidunt ante vel ipsum. Praesent blandit lacinia erat. Vestibulum sed magna at nunc commodo placerat.', 'Jammie', 'Willabella', '2022-11-08 06:36:13', '2023-01-01 20:41:48')
, (93, 'admin3', null, 'Vestibulum quam sapien, varius ut, blandit non, interdum in, ante. Vestibulum ante ipsum primis in faucibus orci luctus et ultrices posuere cubilia Curae Duis faucibus accumsan odio. Curabitur convallis.', 'Artemus', 'Hailee', '2022-09-05 01:04:11', '2022-09-08 05:05:10')
, (31, 'admin4', null, 'Curabitur gravida nisi at nibh. In hac habitasse platea dictumst. Aliquam augue quam, sollicitudin vitae, consectetuer eget, rutrum at, lorem.', 'Garwood', 'Kristo', '2022-11-19 11:16:05', '2022-12-27 06:41:09')
, (12, 'admin4', null, 'Curabitur in libero ut massa volutpat convallis. Morbi odio odio, elementum eu, interdum eu, tincidunt in, leo. Maecenas pulvinar lobortis est.', 'Miles', 'Mattie', '2022-08-12 08:24:07', '2023-03-05 13:58:20')
, (61, 'admin3', null, 'Fusce consequat. Nulla nisl. Nunc nisl.', 'Keen', 'Justino', '2022-05-28 03:29:42', '2023-03-27 03:57:23')
, (116, 'admin2', null, 'In congue. Etiam justo. Etiam pretium iaculis justo.', 'Clerkclaude', 'Shelden', '2022-08-10 21:50:39', '2023-01-06 22:15:42')
, (47, 'admin3', null, 'Morbi non lectus. Aliquam sit amet diam in magna bibendum imperdiet. Nullam orci pede, venenatis non, sodales sed, tincidunt eu, felis.', 'Ingeberg', 'Ethelred', '2023-04-04 19:24:09', '2022-06-27 14:37:47')
, (47, 'admin1', null, 'Aliquam quis turpis eget elit sodales scelerisque. Mauris sit amet eros. Suspendisse accumsan tortor quis turpis.', 'Trefor', 'Aharon', '2022-09-12 01:54:38', '2022-05-16 12:10:58')
, (101, 'admin1', null, 'Phasellus sit amet erat. Nulla tempus. Vivamus in felis eu sapien cursus vestibulum.', 'Ancell', 'Towny', '2022-09-30 15:42:13', '2022-09-26 11:53:55')
, (70, 'admin2', null, 'Vestibulum ac est lacinia nisi venenatis tristique. Fusce congue, diam id ornare imperdiet, sapien urna pretium nisl, ut volutpat sapien arcu sed augue. Aliquam erat volutpat.', 'Sula', 'Fey', '2022-10-03 16:34:47', '2022-09-14 00:40:31')
, (9, 'admin2', null, 'Morbi porttitor lorem id ligula. Suspendisse ornare consequat lectus. In est risus, auctor sed, tristique in, tempus sit amet, sem.', 'Marleah', 'Johnna', '2023-02-06 02:17:22', '2022-10-23 04:17:09')
, (71, 'admin5', null, 'Praesent blandit. Nam nulla. Integer pede justo, lacinia eget, tincidunt eget, tempus vel, pede.', 'Rubie', 'Rey', '2022-08-18 06:27:43', '2022-10-23 18:06:13')
, (75, 'admin3', null, 'Curabitur at ipsum ac tellus semper interdum. Mauris ullamcorper purus sit amet nulla. Quisque arcu libero, rutrum ac, lobortis vel, dapibus at, diam.', 'Aretha', 'Prudi', '2023-03-05 20:31:56', '2022-07-03 23:32:06')
, (2, 'admin4', null, 'Nulla ut erat id mauris vulputate elementum. Nullam varius. Nulla facilisi.', 'Maurits', 'Rodrigo', '2022-04-30 21:29:54', '2023-03-11 23:35:48')
, (113, 'admin4', null, 'Duis bibendum. Morbi non quam nec dui luctus rutrum. Nulla tellus.', 'Bari', 'Justinian', '2022-09-25 02:36:46', '2023-03-23 07:29:23')
, (104, 'admin4', null, 'Lorem ipsum dolor sit amet, consectetuer adipiscing elit. Proin risus. Praesent lectus.', 'Katya', 'Ellwood', '2022-05-05 17:18:44', '2023-02-22 18:58:57')
, (71, 'admin5', null, 'Aenean lectus. Pellentesque eget nunc. Donec quis orci eget orci vehicula condimentum.', 'Rochell', 'Garnet', '2022-08-05 06:04:29', '2022-11-11 16:54:24')
, (84, 'admin1', null, 'Praesent blandit. Nam nulla. Integer pede justo, lacinia eget, tincidunt eget, tempus vel, pede.', 'Jarrid', 'Adah', '2022-11-16 08:00:56', '2023-02-23 10:25:45')
, (86, 'admin3', null, 'In congue. Etiam justo. Etiam pretium iaculis justo.', 'Chiquita', 'Seumas', '2022-11-29 23:05:08', '2023-01-30 10:20:26')
, (17, 'admin3', null, 'Vestibulum quam sapien, varius ut, blandit non, interdum in, ante. Vestibulum ante ipsum primis in faucibus orci luctus et ultrices posuere cubilia Curae Duis faucibus accumsan odio. Curabitur convallis.', 'Bill', 'Alane', '2023-03-24 18:45:09', '2023-03-21 02:18:41')
, (69, 'admin5', null, 'Cras non velit nec nisi vulputate nonummy. Maecenas tincidunt lacus at velit. Vivamus vel nulla eget eros elementum pellentesque.', 'Olga', 'Cora', '2022-04-20 14:31:11', '2023-02-27 01:16:43')
, (19, 'admin5', null, 'Cras mi pede, malesuada in, imperdiet et, commodo vulputate, justo. In blandit ultrices enim. Lorem ipsum dolor sit amet, consectetuer adipiscing elit.', 'Xerxes', 'Desmond', '2023-02-19 15:05:43', '2022-05-11 20:25:17')
, (121, 'admin3', null, 'Sed ante. Vivamus tortor. Duis mattis egestas metus.', 'Samuele', 'Bertine', '2022-06-12 06:47:29', '2022-09-24 22:51:53')
, (88, 'admin5', null, 'Aenean fermentum. Donec ut mauris eget massa tempor convallis. Nulla neque libero, convallis eget, eleifend luctus, ultricies eu, nibh.', 'Martguerita', 'Jacob', '2023-01-16 17:50:46', '2022-08-22 00:02:48')
, (5, 'admin5', null, 'Maecenas tristique, est et tempus semper, est quam pharetra magna, ac consequat metus sapien ut nunc. Vestibulum ante ipsum primis in faucibus orci luctus et ultrices posuere cubilia Curae Mauris viverra diam vitae quam. Suspendisse potenti.', 'Si', 'Candide', '2023-03-11 04:09:26', '2023-02-23 01:58:20')
, (114, 'admin2', null, 'Morbi porttitor lorem id ligula. Suspendisse ornare consequat lectus. In est risus, auctor sed, tristique in, tempus sit amet, sem.', 'Christalle', 'Georgia', '2022-12-22 11:35:58', '2022-12-29 19:14:57')
, (1, 'admin1', null, 'Phasellus in felis. Donec semper sapien a libero. Nam dui.', 'Laurie', 'Robinet', '2022-09-10 20:32:34', '2022-08-20 18:19:25')
, (123, 'admin3', null, 'Duis aliquam convallis nunc. Proin at turpis a pede posuere nonummy. Integer non velit.', 'Kane', 'Tisha', '2022-05-04 20:36:30', '2023-01-22 12:50:49')
, (82, 'admin5', null, 'Phasellus sit amet erat. Nulla tempus. Vivamus in felis eu sapien cursus vestibulum.', 'Ida', 'Tabby', '2023-03-04 14:43:56', '2022-06-22 16:24:10')
, (106, 'admin5', null, 'In hac habitasse platea dictumst. Etiam faucibus cursus urna. Ut tellus.', 'Kliment', 'Hedda', '2022-05-13 10:50:23', '2022-10-22 07:49:03')
, (74, 'admin1', null, 'Vestibulum quam sapien, varius ut, blandit non, interdum in, ante. Vestibulum ante ipsum primis in faucibus orci luctus et ultrices posuere cubilia Curae Duis faucibus accumsan odio. Curabitur convallis.', 'Catina', 'Elvyn', '2022-05-01 07:54:10', '2023-01-21 03:56:29')
, (57, 'admin2', null, 'Mauris enim leo, rhoncus sed, vestibulum sit amet, cursus id, turpis. Integer aliquet, massa id lobortis convallis, tortor risus dapibus augue, vel accumsan tellus nisi eu orci. Mauris lacinia sapien quis libero.', 'Carly', 'Biddy', '2022-09-24 12:18:02', '2022-05-07 08:33:41')
, (85, 'admin5', null, 'Maecenas leo odio, condimentum id, luctus nec, molestie sed, justo. Pellentesque viverra pede ac diam. Cras pellentesque volutpat dui.', 'Merridie', 'Aretha', '2023-03-04 13:37:01', '2022-04-11 09:46:31')
, (41, 'admin3', null, 'Morbi porttitor lorem id ligula. Suspendisse ornare consequat lectus. In est risus, auctor sed, tristique in, tempus sit amet, sem.', 'Sheppard', 'Odille', '2023-03-17 01:36:08', '2022-10-20 17:31:17')
, (31, 'admin1', null, 'In quis justo. Maecenas rhoncus aliquam lacus. Morbi quis tortor id nulla ultrices aliquet.', 'Lian', 'Kristel', '2022-04-18 05:01:37', '2022-12-11 15:01:20')
, (84, 'admin2', null, 'Cum sociis natoque penatibus et magnis dis parturient montes, nascetur ridiculus mus. Vivamus vestibulum sagittis sapien. Cum sociis natoque penatibus et magnis dis parturient montes, nascetur ridiculus mus.', 'Jaclyn', 'Heddi', '2022-07-31 19:37:10', '2022-04-11 19:34:12')
, (35, 'admin4', null, 'Proin leo odio, porttitor id, consequat in, consequat ut, nulla. Sed accumsan felis. Ut at dolor quis odio consequat varius.', 'Tallie', 'Lombard', '2022-06-05 15:04:20', '2022-10-12 18:48:27')
, (66, 'admin4', null, 'Maecenas leo odio, condimentum id, luctus nec, molestie sed, justo. Pellentesque viverra pede ac diam. Cras pellentesque volutpat dui.', 'Iona', 'Sanders', '2022-04-13 12:10:01', '2023-01-13 04:43:37')
, (49, 'admin4', null, 'Vestibulum ac est lacinia nisi venenatis tristique. Fusce congue, diam id ornare imperdiet, sapien urna pretium nisl, ut volutpat sapien arcu sed augue. Aliquam erat volutpat.', 'Bart', 'Ivette', '2022-09-10 07:05:09', '2022-12-25 07:45:09')
, (113, 'admin5', null, 'Maecenas leo odio, condimentum id, luctus nec, molestie sed, justo. Pellentesque viverra pede ac diam. Cras pellentesque volutpat dui.', 'Elisha', 'Gav', '2022-08-16 01:31:28', '2022-07-22 06:26:29')
, (84, 'admin2', null, 'Mauris enim leo, rhoncus sed, vestibulum sit amet, cursus id, turpis. Integer aliquet, massa id lobortis convallis, tortor risus dapibus augue, vel accumsan tellus nisi eu orci. Mauris lacinia sapien quis libero.', 'Jillana', 'Ray', '2023-01-21 08:02:13', '2022-11-26 12:50:35')
, (82, 'admin5', null, 'Integer tincidunt ante vel ipsum. Praesent blandit lacinia erat. Vestibulum sed magna at nunc commodo placerat.', 'Tommy', 'Humfrey', '2023-03-19 08:12:47', '2022-08-31 11:01:36')
, (121, 'admin4', null, 'Phasellus sit amet erat. Nulla tempus. Vivamus in felis eu sapien cursus vestibulum.', 'Tab', 'Dominique', '2023-03-31 00:47:03', '2022-12-19 13:34:44')
, (48, 'admin4', null, 'In hac habitasse platea dictumst. Etiam faucibus cursus urna. Ut tellus.', 'Dallis', 'Alexa', '2023-03-09 09:57:48', '2022-09-04 22:15:32')
, (76, 'admin4', null, 'Duis bibendum. Morbi non quam nec dui luctus rutrum. Nulla tellus.', 'Edita', 'Johanna', '2022-10-03 16:21:59', '2022-06-02 20:13:49')
, (15, 'admin5', null, 'Maecenas tristique, est et tempus semper, est quam pharetra magna, ac consequat metus sapien ut nunc. Vestibulum ante ipsum primis in faucibus orci luctus et ultrices posuere cubilia Curae Mauris viverra diam vitae quam. Suspendisse potenti.', 'Lynnelle', 'Moses', '2022-08-28 11:05:47', '2022-11-22 16:53:45')
, (78, 'admin5', null, 'Maecenas tristique, est et tempus semper, est quam pharetra magna, ac consequat metus sapien ut nunc. Vestibulum ante ipsum primis in faucibus orci luctus et ultrices posuere cubilia Curae Mauris viverra diam vitae quam. Suspendisse potenti.', 'Rani', 'Koral', '2022-10-30 01:57:23', '2022-04-14 19:26:50')
, (68, 'admin1', null, 'Aenean fermentum. Donec ut mauris eget massa tempor convallis. Nulla neque libero, convallis eget, eleifend luctus, ultricies eu, nibh.', 'Aristotle', 'Chelsey', '2022-10-14 05:10:21', '2022-08-17 09:43:25')
, (122, 'admin4', null, 'Duis consequat dui nec nisi volutpat eleifend. Donec ut dolor. Morbi vel lectus in quam fringilla rhoncus.', 'Catherina', 'Hetti', '2023-01-28 05:10:16', '2023-02-05 12:31:14')
, (100, 'admin4', null, 'Morbi porttitor lorem id ligula. Suspendisse ornare consequat lectus. In est risus, auctor sed, tristique in, tempus sit amet, sem.', 'Lexy', 'Guthrie', '2022-10-16 00:59:33', '2022-09-14 01:31:53')
, (23, 'admin1', null, 'Duis aliquam convallis nunc. Proin at turpis a pede posuere nonummy. Integer non velit.', 'Charlean', 'Swen', '2022-12-21 12:37:24', '2022-07-09 14:23:58')
, (85, 'admin2', null, 'Maecenas leo odio, condimentum id, luctus nec, molestie sed, justo. Pellentesque viverra pede ac diam. Cras pellentesque volutpat dui.', 'Eulalie', 'Drona', '2022-04-17 01:50:55', '2023-02-23 11:58:38')
, (15, 'admin1', null, 'Maecenas leo odio, condimentum id, luctus nec, molestie sed, justo. Pellentesque viverra pede ac diam. Cras pellentesque volutpat dui.', 'Norbie', 'Mollie', '2022-09-26 09:31:34', '2022-07-30 14:27:55')
, (72, 'admin3', null, 'Pellentesque at nulla. Suspendisse potenti. Cras in purus eu magna vulputate luctus.', 'Lancelot', 'Eula', '2023-02-15 09:39:06', '2022-07-16 02:29:06')
, (118, 'admin4', null, 'Nullam porttitor lacus at turpis. Donec posuere metus vitae ipsum. Aliquam non mauris.', 'Casey', 'Vic', '2023-03-24 10:15:30', '2023-02-21 06:44:52')
, (49, 'admin4', null, 'Maecenas leo odio, condimentum id, luctus nec, molestie sed, justo. Pellentesque viverra pede ac diam. Cras pellentesque volutpat dui.', 'Dorris', 'Serena', '2023-03-30 13:31:35', '2022-08-02 09:22:52')
, (79, 'admin3', null, 'Cras non velit nec nisi vulputate nonummy. Maecenas tincidunt lacus at velit. Vivamus vel nulla eget eros elementum pellentesque.', 'Junina', 'Gloriana', '2022-11-12 22:19:44', '2022-08-11 01:50:03')
, (38, 'admin5', null, 'Curabitur at ipsum ac tellus semper interdum. Mauris ullamcorper purus sit amet nulla. Quisque arcu libero, rutrum ac, lobortis vel, dapibus at, diam.', 'Kevin', 'Estella', '2022-11-11 17:14:57', '2022-10-09 13:59:05')
, (108, 'admin1', null, 'Nulla ut erat id mauris vulputate elementum. Nullam varius. Nulla facilisi.', 'Carlotta', 'Analise', '2023-02-17 15:24:23', '2023-01-25 20:22:26')
, (55, 'admin5', null, 'In sagittis dui vel nisl. Duis ac nibh. Fusce lacus purus, aliquet at, feugiat non, pretium quis, lectus.', 'Juliann', 'Ollie', '2022-10-18 15:33:38', '2023-02-24 09:29:29')
, (16, 'admin2', null, 'Maecenas ut massa quis augue luctus tincidunt. Nulla mollis molestie lorem. Quisque ut erat.', 'Layne', 'Ruthann', '2023-04-08 23:16:01', '2023-01-08 18:42:42')
, (48, 'admin1', null, 'Sed ante. Vivamus tortor. Duis mattis egestas metus.', 'Bamby', 'Gustave', '2022-06-14 04:20:48', '2022-04-21 22:26:43')
, (25, 'admin3', null, 'Curabitur at ipsum ac tellus semper interdum. Mauris ullamcorper purus sit amet nulla. Quisque arcu libero, rutrum ac, lobortis vel, dapibus at, diam.', 'Rayner', 'Eduard', '2022-05-12 10:07:21', '2022-12-12 00:41:17')
, (108, 'admin2', null, 'Sed ante. Vivamus tortor. Duis mattis egestas metus.', 'Fionna', 'Mendel', '2022-08-07 05:02:33', '2022-05-03 10:10:40')
, (27, 'admin2', null, 'Nullam porttitor lacus at turpis. Donec posuere metus vitae ipsum. Aliquam non mauris.', 'Sosanna', 'Tod', '2023-03-04 01:34:01', '2023-02-21 17:36:36')
, (61, 'admin3', null, 'Praesent blandit. Nam nulla. Integer pede justo, lacinia eget, tincidunt eget, tempus vel, pede.', 'Erastus', 'Rosalia', '2022-07-15 03:03:50', '2022-10-11 07:33:52')
, (28, 'admin2', null, 'Cras non velit nec nisi vulputate nonummy. Maecenas tincidunt lacus at velit. Vivamus vel nulla eget eros elementum pellentesque.', 'Arte', 'Amity', '2022-09-17 06:58:31', '2022-09-20 18:25:02')
, (92, 'admin2', null, 'In hac habitasse platea dictumst. Etiam faucibus cursus urna. Ut tellus.', 'Rubina', 'Harri', '2022-08-08 04:08:23', '2022-11-23 04:35:53')
, (7, 'admin2', null, 'Aenean fermentum. Donec ut mauris eget massa tempor convallis. Nulla neque libero, convallis eget, eleifend luctus, ultricies eu, nibh.', 'Lyn', 'Melosa', '2023-02-25 12:14:14', '2023-02-15 14:43:37')
, (65, 'admin1', null, 'Morbi non lectus. Aliquam sit amet diam in magna bibendum imperdiet. Nullam orci pede, venenatis non, sodales sed, tincidunt eu, felis.', 'Valle', 'Nichol', '2023-04-01 16:35:28', '2023-03-06 08:38:40')
, (111, 'admin5', null, 'Aliquam quis turpis eget elit sodales scelerisque. Mauris sit amet eros. Suspendisse accumsan tortor quis turpis.', 'Noe', 'Bronson', '2023-02-03 21:00:32', '2022-09-21 15:11:29')
, (30, 'admin5', null, 'Morbi porttitor lorem id ligula. Suspendisse ornare consequat lectus. In est risus, auctor sed, tristique in, tempus sit amet, sem.', 'Ruben', 'Phillipe', '2023-03-20 04:33:34', '2022-05-31 17:21:06')
, (111, 'admin1', null, 'Nullam sit amet turpis elementum ligula vehicula consequat. Morbi a ipsum. Integer a nibh.', 'Caria', 'Cayla', '2023-02-16 00:22:17', '2023-02-27 06:39:17')
, (21, 'admin1', null, 'Suspendisse potenti. In eleifend quam a odio. In hac habitasse platea dictumst.', 'Walden', 'Garold', '2022-08-30 05:28:45', '2023-03-04 02:47:19')
, (44, 'admin1', null, 'Duis bibendum. Morbi non quam nec dui luctus rutrum. Nulla tellus.', 'Sissy', 'Rosalinde', '2022-07-09 02:18:39', '2022-04-29 09:45:14')
, (104, 'admin2', null, 'Curabitur gravida nisi at nibh. In hac habitasse platea dictumst. Aliquam augue quam, sollicitudin vitae, consectetuer eget, rutrum at, lorem.', 'Janessa', 'Giulio', '2022-06-28 13:34:40', '2023-04-03 05:02:06')
, (32, 'admin3', null, 'Donec diam neque, vestibulum eget, vulputate ut, ultrices vel, augue. Vestibulum ante ipsum primis in faucibus orci luctus et ultrices posuere cubilia Curae Donec pharetra, magna vestibulum aliquet ultrices, erat tortor sollicitudin mi, sit amet lobortis sapien sapien non mi. Integer ac neque.', 'Dedie', 'Mona', '2023-02-14 20:25:32', '2022-12-25 08:18:04')
;

-- 대댓글 샘플데이터 5개
insert into article_comment (article_id, user_id, parent_comment_id, content, created_by, modified_by, created_at, modified_at) values
  (46, 'admin4', 1, '퍼가요~ 1', 'Aigneis', 'Rubi', '2022-07-10 11:27:30', '2022-07-23 15:36:56')
, (46, 'admin3', 1, '퍼가요~ 2', 'Steve', 'Abagael', '2022-07-12 06:22:21', '2022-12-12 15:24:18')
, (46, 'admin2', 1, '퍼가요~ 3', 'Prudi', 'Juana', '2022-07-28 02:01:43', '2022-06-18 10:27:31')
, (46, 'admin1', 1, '퍼가요~ 4', 'Bobbe', 'Ellwood', '2022-08-03 01:35:07', '2023-01-29 17:36:37')
, (46, 'admin4', 1, '다시 퍼가요~ 5', 'Trip', 'Vanessa', '2022-08-05 19:53:59', '2022-10-13 18:22:32')
;


-- Hashtag Data 19개
insert into hashtag (hashtag_name, created_by, modified_by, created_at, modified_at) values
  ('Marigold', 'Locke', 'Nickie', '2023-01-07 06:37:14', '2023-03-14 14:11:03')
, ('Olive', 'Irma', 'Charles', '2023-01-13 06:57:56', '2022-10-25 09:26:34')
, ('Emerald', 'Keefer', 'Emelda', '2022-09-29 08:07:18', '2023-01-23 20:10:09')
, ('Teal', 'Dorri', 'Zia', '2022-05-13 22:46:39', '2023-01-14 02:53:59')
, ('Cobalt', 'Redford', 'Dannel', '2022-05-23 12:12:54', '2022-06-25 01:46:19')
, ('Pearl', 'Marylinda', 'Zsa zsa', '2022-11-27 17:09:20', '2023-01-15 12:39:00')
, ('Indigo', 'Andras', 'Marybeth', '2023-01-05 15:33:54', '2022-06-29 19:02:56')
, ('Plum', 'Michel', 'Sadye', '2022-08-09 17:21:53', '2022-09-09 14:33:24')
, ('Saffron', 'Anna-maria', 'Prue', '2022-04-27 03:42:25', '2023-03-26 17:36:21')
, ('DarkViolet', 'Penelope', 'Fernandina', '2023-02-17 19:17:51', '2022-06-28 12:47:36')
, ('Violet', 'Valeria', 'Dreddy', '2022-06-19 15:21:55', '2023-01-02 10:27:36')
, ('FireBrick', 'Nicola', 'Jinny', '2023-02-03 22:14:26', '2022-09-01 22:07:26')
, ('Orange', 'Kathie', 'Anissa', '2022-04-25 11:23:33', '2022-10-17 19:11:41')
, ('HoneyDew', 'Elisabeth', 'Jean', '2022-10-24 17:25:23', '2022-12-12 16:18:35')
, ('LavenderBlush', 'Rosemaria', 'Zola', '2022-08-01 01:44:13', '2023-02-13 14:28:49')
, ('DodgerBlue', 'Wally', 'Modesty', '2022-09-12 20:45:19', '2022-11-12 04:54:49')
, ('Magenta', 'Aleen', 'Lind', '2022-07-24 04:56:28', '2023-01-25 14:59:34')
, ('Crimson', 'Christen', 'Harlin', '2022-12-27 16:51:25', '2022-04-25 21:38:02')
, ('LemonChiffon', 'Leslie', 'Der', '2022-12-04 01:25:43', '2022-07-18 09:12:09')
;

-- article_hashtag 데이타 122개
insert into article_hashtag (article_id, Hashtag_id) values
  (1, 14)
, (2, 4)
, (3, 16)
, (4, 4)
, (5, 14)
, (6, 13)
, (7, 6)
, (8, 15)
, (9, 3)
, (10, 14)
, (11, 13)
, (12, 16)
, (13, 12)
, (14, 14)
, (15, 14)
, (16, 7)
, (17, 4)
, (17, 5)
, (18, 12)
, (19, 2)
, (20, 16)
, (21, 15)
, (22, 10)
, (23, 12)
, (24, 13)
, (25, 9)
, (26, 7)
, (27, 14)
, (28, 17)
, (29, 16)
, (30, 1)
, (31, 7)
, (32, 9)
, (33, 10)
, (34, 14)
, (35, 13)
, (36, 13)
, (37, 9)
, (38, 1)
, (39, 4)
, (40, 6)
, (41, 5)
, (42, 3)
, (43, 4)
, (44, 16)
, (45, 3)
, (46, 3)
, (47, 7)
, (48, 13)
, (49, 15)
, (50, 2)
, (51, 15)
, (52, 14)
, (53, 5)
, (54, 9)
, (55, 11)
, (56, 16)
, (57, 17)
, (58, 13)
, (59, 6)
, (60, 1)
, (61, 3)
, (62, 2)
, (63, 11)
, (64, 3)
, (65, 11)
, (66, 12)
, (67, 1)
, (68, 12)
, (69, 10)
, (70, 14)
, (71, 16)
, (72, 12)
, (73, 12)
, (74, 3)
, (75, 1)
, (76, 12)
, (77, 3)
, (78, 8)
, (79, 11)
, (80, 17)
, (81, 6)
, (82, 11)
, (83, 11)
, (84, 6)
, (85, 11)
, (86, 15)
, (87, 13)
, (88, 16)
, (89, 14)
, (90, 2)
, (91, 13)
, (92, 5)
, (93, 12)
, (94, 9)
, (95, 11)
, (96, 4)
, (97, 10)
, (98, 3)
, (99, 11)
, (100, 12)
, (101, 17)
, (102, 3)
, (103, 5)
, (104, 19)
, (105, 12)
, (106, 7)
, (107, 2)
, (108, 10)
, (109, 10)
, (110, 13)
, (111, 16)
, (112, 16)
, (113, 13)
, (114, 7)
, (115, 3)
, (116, 5)
, (117, 17)
, (118, 4)
, (119, 10)
, (120, 8)
, (121, 15)
, (122, 4)
, (123, 18)
;
